track_name,artist(s)_name,artist_count,released_year,released_month,released_day,streams,tempo,key,mode,danceability,valence,energy,acousticness,instrumentalness,liveness,speechiness,popular,loudness,playlist_genre,track_id,duration_ms,released_date
Seven (feat. Latto) (Explicit Ver.),"Latto, Jung Kook",2,2023,7,14,141381703,125,B,1,0.8,0.89,0.83,0.31,0,0.08,0.04,1,,,,,7/14/23
LALA,Myke Towers,1,2023,3,23,133716286,92,C‚ôØ/D‚ô≠,1,0.71,0.61,0.74,0.07,0,0.1,0.04,1,,,,,3/23/23
vampire,Olivia Rodrigo,1,2023,6,30,140003974,138,F,1,0.51,0.32,0.53,0.17,0,0.31,0.06,1,,,,,6/30/23
WHERE SHE GOES,Bad Bunny,1,2023,5,18,303236322,144,A,0,0.65,0.23,0.8,0.14,0.63,0.11,0.06,1,,,,,5/18/23
Sprinter,"Dave, Central Cee",2,2023,6,1,183706234,141,C‚ôØ/D‚ô≠,1,0.92,0.66,0.58,0.19,0,0.08,0.24,1,,,,,6/1/23
Ella Baila Sola,"Eslabon Armado, Peso Pluma",2,2023,3,16,725980112,148,F,0,0.67,0.83,0.76,0.48,0,0.08,0.03,1,,,,,3/16/23
Columbia,Quevedo,1,2023,7,7,58149378,100,F,1,0.67,0.26,0.71,0.37,0,0.11,0.04,1,,,,,7/7/23
fukumean,Gunna,1,2023,5,15,95217315,130,C‚ôØ/D‚ô≠,0,0.85,0.22,0.62,0.12,0,0.28,0.09,1,,,,,5/15/23
La Bebe - Remix,"Peso Pluma, Yng Lvcas",2,2023,3,17,553634067,170,D,0,0.81,0.56,0.48,0.21,0,0.08,0.33,1,,,,,3/17/23
un x100to,"Bad Bunny, Grupo Frontera",2,2023,4,17,505671438,83,F‚ôØ/G‚ô≠,0,0.57,0.56,0.72,0.23,0,0.27,0.05,1,,,,,4/17/23
Super Shy,NewJeans,1,2023,7,7,58255150,150,F,0,0.78,0.52,0.82,0.18,0,0.15,0.07,1,,,,,7/7/23
Flowers,Miley Cyrus,1,2023,1,12,1316855716,118,,1,0.71,0.65,0.68,0.06,0,0.03,0.07,1,,,,,1/12/23
Daylight,David Kushner,1,2023,4,14,387570742,130,D,0,0.51,0.32,0.43,0.83,0,0.09,0.03,1,,,,,4/14/23
As It Was,Harry Styles,1,2022,3,31,2513188493,174,F‚ôØ/G‚ô≠,0,0.52,0.66,0.73,0.34,0,0.31,0.06,1,,,,,3/31/22
Kill Bill,SZA,1,2022,12,8,1163093654,89,G‚ôØ/A‚ô≠,1,0.64,0.43,0.73,0.05,0.17,0.16,0.04,1,,,,,12/8/22
Cupid - Twin Ver.,Fifty Fifty,1,2023,2,24,496795686,120,B,0,0.78,0.76,0.59,0.43,0,0.34,0.03,1,,,,,2/24/23
"What Was I Made For? [From The Motion Picture ""Barbie""]",Billie Eilish,1,2023,7,13,30546883,78,,1,0.44,0.14,0.09,0.96,0,0.1,0.03,1,,,,,7/13/23
Classy 101,"Feid, Young Miko",2,2023,3,31,335222234,100,B,1,0.86,0.67,0.66,0.14,0,0.12,0.16,1,,,,,3/31/23
Like Crazy,Jimin,1,2023,3,24,363369738,120,G,1,0.63,0.36,0.73,0,0,0.36,0.04,1,,,,,3/24/23
LADY GAGA,"Gabito Ballesteros, Junior H, Peso Pluma",3,2023,6,22,86444842,140,F,0,0.65,0.87,0.74,0.22,0,0.42,0.04,1,,,,,6/22/23
I Can See You (Taylor√î√∏Œ©√î√∏Œ©√î√∏Œ©s Version) (From The ,Taylor Swift,1,2023,7,7,52135248,123,F‚ôØ/G‚ô≠,1,0.69,0.82,0.76,0.06,0,0.06,0.03,1,,,,,7/7/23
"Peso Pluma: Bzrp Music Sessions, Vol. 55","Bizarrap, Peso Pluma",2,2023,5,31,200647221,133,F,0,0.85,0.81,0.67,0.26,0,0.12,0.05,1,,,,,5/31/23
Popular (with Playboi Carti & Madonna) - The Idol Vol. 1 (Music from the HBO Original Series),"The Weeknd, Madonna, Playboi Carti",3,2023,6,2,115364561,99,C‚ôØ/D‚ô≠,1,0.85,0.83,0.68,0.07,0,0.36,0.2,1,,,,,6/2/23
SABOR FRESA,Fuerza Regida,1,2023,6,22,78300654,130,G,0,0.79,0.96,0.86,0.09,0,0.09,0.09,1,,,,,6/22/23
Calm Down (with Selena Gomez),"R√î√∏Œ©√î√∏Œ©ma, Selena G",2,2022,3,25,899183384,107,B,1,0.8,0.82,0.8,0.43,0,0.14,0.04,1,,,,,3/25/22
MOJABI GHOST,"Tainy, Bad Bunny",2,2023,6,29,61245289,122,F‚ôØ/G‚ô≠,0,0.81,0.74,0.71,0.14,0,0.56,0.04,1,,,,,6/29/23
Last Night,Morgan Wallen,1,2023,1,31,429829812,204,F‚ôØ/G‚ô≠,1,0.52,0.52,0.68,0.46,0,0.15,0.04,1,,,,,1/31/23
Dance The Night (From Barbie The Album),Dua Lipa,1,2023,5,25,127408954,110,B,0,0.67,0.78,0.85,0.02,0,0.33,0.05,1,,,,,5/25/23
Rush,Troye Sivan,1,2023,7,13,22581161,126,F,0,0.74,0.35,0.84,0,0,0.11,0.06,1,,,,,7/13/23
TULUM,"Peso Pluma, Grupo Frontera",2,2023,6,28,52294266,168,F‚ôØ/G‚ô≠,1,0.56,0.63,0.87,0.39,0,0.11,0.05,1,,,,,6/28/23
Creepin',"The Weeknd, 21 Savage, Metro Boomin",3,2022,12,2,843957510,98,C‚ôØ/D‚ô≠,0,0.71,0.17,0.61,0.36,0,0.08,0.05,1,,,,,12/2/22
Anti-Hero,Taylor Swift,1,2022,10,21,999748277,97,E,1,0.64,0.51,0.63,0.12,0,0.19,0.05,1,,,,,10/21/22
TQG,"Karol G, Shakira",2,2023,2,23,618990393,180,E,0,0.72,0.61,0.63,0.67,0,0.09,0.28,1,,,,,2/23/23
Los del Espacio,"Big One, Duki, Lit Killah, Maria Becerra, FMK, Rusherking, Emilia, Tiago pzk",8,2023,6,1,123122413,120,,1,0.81,0.63,0.68,0.11,0,0.11,0.04,1,,,,,6/1/23
Fr√î√∏Œ©√î√∏Œ©gil (feat. Grupo Front,"Yahritza Y Su Esencia, Grupo Frontera",2,2023,4,7,188933502,150,F‚ôØ/G‚ô≠,1,0.61,0.39,0.73,0.37,0,0.11,0.03,1,,,,,4/7/23
TQM,Fuerza Regida,1,2023,5,19,176553476,125,F,0,0.79,0.96,0.85,0.27,0,0.11,0.06,1,,,,,5/19/23
El Azul,"Junior H, Peso Pluma",2,2023,2,10,354495408,144,A,0,0.56,0.84,0.65,0.23,0,0.1,0.06,1,,,,,2/10/23
I'm Good (Blue),"Bebe Rexha, David Guetta",2,2022,8,26,1109433169,128,G,0,0.56,0.38,0.97,0.04,0,0.35,0.04,1,,,,,8/26/22
Barbie World (with Aqua) [From Barbie The Album],"Nicki Minaj, Aqua, Ice Spice",3,2023,6,23,65156199,144,,1,0.77,0.75,0.58,0.52,0,0.23,0.25,1,,,,,6/23/23
Angels Like You,Miley Cyrus,1,2020,11,27,570515054,122,F,1,0.67,0.49,0.64,0.1,0,0.1,0.03,1,,,,,11/27/20
I Ain't Worried,OneRepublic,1,2022,5,13,1085685420,140,,1,0.71,0.82,0.81,0.11,0,0.06,0.05,1,,,,,5/13/22
Die For You - Remix,"Ariana Grande, The Weeknd",2,2023,2,24,518745108,67,C‚ôØ/D‚ô≠,0,0.53,0.5,0.53,0.23,0,0.44,0.07,1,,,,,2/24/23
El Cielo,"Feid, Myke Towers, Sky Rompiendo",3,2023,6,2,107753850,106,A‚ôØ/B‚ô≠,0,0.72,0.17,0.64,0.07,0,0.1,0.05,1,,,,,6/2/23
Baby Don't Hurt Me,"David Guetta, Anne-Marie, Coi Leray",3,2023,4,6,177740666,128,G,1,0.6,0.23,0.91,0,0,0.12,0.03,1,,,,,4/6/23
AMARGURA,Karol G,1,2023,2,24,153372011,107,F‚ôØ/G‚ô≠,0,0.92,0.55,0.7,0.18,0,0.15,0.07,1,,,,,2/24/23
(It Goes Like) Nanana - Edit,Peggy Gou,1,2023,6,15,57876440,130,G,0,0.67,0.96,0.88,0.12,0.19,0.08,0.04,1,,,,,6/15/23
Moonlight,Kali Uchis,1,2023,2,24,256483385,137,G,0,0.64,0.88,0.72,0.51,0,0.17,0.05,1,,,,,2/24/23
La Bachata,Manuel Turizo,1,2022,5,26,1214083358,125,G,0,0.84,0.85,0.68,0.58,0,0.22,0.04,1,,,,,5/26/22
S91,Karol G,1,2023,7,14,16011326,128,,0,0.86,0.42,0.72,0.59,0,0.09,0.19,1,,,,,7/14/23
cardigan,Taylor Swift,1,2020,7,24,812019557,130,,0,0.61,0.53,0.58,0.55,0,0.27,0.04,1,,,,,7/24/20
T√î√∏Œ©√î√∏,"dennis, MC Kevin o Chris",2,2023,5,4,111947664,130,B,1,0.86,0.59,0.96,0.5,0.01,0.09,0.05,1,,,,,5/4/23
Boy's a liar Pt. 2,"PinkPantheress, Ice Spice",2,2023,2,3,156338624,133,F,1,0.7,0.86,0.81,0.25,0,0.25,0.05,1,,,,,2/3/23
Left and Right (Feat. Jung Kook of BTS),"Charlie Puth, BTS, Jung Kook",3,2022,6,24,720434240,101,D,1,0.88,0.72,0.59,0.62,0,0.09,0.03,1,,,,,6/24/22
BESO,"Rauw Alejandro, ROSAL√î√∏Œ©",2,2023,3,24,357925728,95,F,0,0.77,0.53,0.64,0.74,0,0.17,0.14,1,,,,,3/24/23
Hey Mor,"Ozuna, Feid",2,2022,10,6,674072710,98,C‚ôØ/D‚ô≠,0,0.9,0.4,0.59,0,0,0.1,0.29,1,,,,,10/6/22
Karma,Taylor Swift,1,2022,10,21,404562836,90,G‚ôØ/A‚ô≠,1,0.64,0.1,0.62,0.07,0,0.48,0.07,1,,,,,10/21/22
People,Libianca,1,2022,12,2,373199958,198,A‚ôØ/B‚ô≠,0,0.59,0.71,0.42,0.55,0,0.1,0.07,1,,,,,12/2/22
Overdrive,Post Malone,1,2023,7,14,14780425,140,C‚ôØ/D‚ô≠,1,0.56,0.48,0.73,0,0,0.35,0.04,1,,,,,7/14/23
Enchanted (Taylor's Version),Taylor Swift,1,2023,7,7,39578178,82,G‚ôØ/A‚ô≠,1,0.51,0.22,0.53,0.01,0,0.15,0.03,1,,,,,7/7/23
BABY HELLO,"Rauw Alejandro, Bizarrap",2,2023,6,23,54266102,130,C‚ôØ/D‚ô≠,0,0.77,0.84,0.89,0.17,0,0.43,0.05,1,,,,,6/23/23
Heat Waves,Glass Animals,1,2020,6,28,2557975762,81,B,1,0.76,0.53,0.53,0.44,0,0.09,0.09,1,,,,,6/28/20
golden hour,JVKE,1,2022,7,15,751134527,94,C‚ôØ/D‚ô≠,0,0.51,0.14,0.59,0.65,0.18,0.25,0.03,1,,,,,7/15/22
"Quevedo: Bzrp Music Sessions, Vol. 52","Bizarrap, Quevedo",2,2022,7,6,1356565093,128,D,1,0.62,0.55,0.78,0.01,0.03,0.23,0.04,1,,,,,7/6/22
Here With Me,d4vd,1,2022,7,17,635412045,132,E,1,0.58,0.27,0.48,0.5,0,0.12,0.03,1,,,,,7/17/22
Unholy (feat. Kim Petras),"Sam Smith, Kim Petras",2,2022,9,22,1230675890,131,D,1,0.71,0.24,0.47,0.01,0,0.27,0.09,1,,,,,9/22/22
Yandel 150,"Yandel, Feid",2,2022,12,20,585695368,168,F‚ôØ/G‚ô≠,0,0.78,0.58,0.73,0.05,0,0.1,0.07,1,,,,,12/20/22
CORAZ√î√∏Œ©√î√∏Œ©N VA,Maria Becerra,1,2023,6,22,43857627,98,C‚ôØ/D‚ô≠,1,0.68,0.4,0.79,0.33,0,0.3,0.06,1,,,,,6/22/23
Until I Found You (with Em Beihold) - Em Beihold Version,"Em Beihold, Stephen Sanchez",2,2022,4,22,600976848,101,A‚ôØ/B‚ô≠,1,0.34,0.32,0.57,0.78,0,0.2,0.03,1,,,,,4/22/22
Novidade na √î√∏Œ©√î√∏,"Mc Livinho, DJ Matt D",2,2023,6,23,39709092,130,F,1,0.63,0.36,0.34,0.76,0,0.35,0.09,1,,,,,6/23/23
Back To December (Taylor's Version),Taylor Swift,1,2023,7,7,39228929,142,D,1,0.5,0.2,0.64,0.01,0,0.12,0.03,1,,,,,7/7/23
STAY (with Justin Bieber),"Justin Bieber, The Kid Laroi",2,2021,7,9,2665343922,170,C‚ôØ/D‚ô≠,1,0.59,0.48,0.76,0.04,0,0.1,0.05,1,,,,,7/9/21
El Merengue,"Marshmello, Manuel Turizo",2,2023,3,3,223633238,124,G‚ôØ/A‚ô≠,0,0.78,0.7,0.68,0.03,0.01,0.11,0.04,1,,,,,3/3/23
Me Porto Bonito,"Chencho Corleone, Bad Bunny",2,2022,5,6,1440757818,92,C‚ôØ/D‚ô≠,0,0.91,0.43,0.71,0.09,0,0.09,0.08,1,,,,,5/6/22
Fast Car,Luke Combs,1,2023,3,24,157058870,98,G‚ôØ/A‚ô≠,1,0.71,0.67,0.6,0.19,0,0.12,0.03,1,,,,,3/24/23
What It Is (Solo Version),Doechii,1,2023,3,17,95131998,172,C‚ôØ/D‚ô≠,0,0.74,0.76,0.76,0.06,0,0.1,0.09,1,,,,,3/17/23
Coco Chanel,"Bad Bunny, Eladio Carrion",2,2023,3,17,250305248,150,D,1,0.68,0.14,0.76,0.04,0,0.1,0.04,1,,,,,3/17/23
Still With You,Jung Kook,1,2020,6,5,38411956,88,C‚ôØ/D‚ô≠,0,0.53,0.34,0.47,0.09,0,0.83,0.04,1,,,,,6/5/20
All My Life (feat. J. Cole),"J. Cole, Lil Durk",2,2023,5,12,144565150,143,D‚ôØ/E‚ô≠,1,0.83,0.69,0.44,0.15,0,0.1,0.33,1,,,,,5/12/23
Say Yes To Heaven,Lana Del Rey,1,2023,3,17,127567540,100,F‚ôØ/G‚ô≠,0,0.49,0.17,0.35,0.71,0.09,0.11,0.03,1,,,,,3/17/23
Snooze,SZA,1,2022,12,9,399686758,143,F,1,0.56,0.39,0.55,0.14,0,0.11,0.13,1,,,,,12/9/22
Take Two,BTS,1,2023,6,9,118482347,93,G,1,0.62,0.57,0.59,0.03,0,0.38,0.03,1,,,,,6/9/23
Too Many Nights (feat. Don Toliver & with Future),"Future, Metro Boomin, Don Toliver",3,2022,12,2,286400165,88,G,0,0.68,0.17,0.71,0.15,0,0.11,0.05,1,,,,,12/2/22
Chemical,Post Malone,1,2023,4,14,172825906,170,D,1,0.5,0.37,0.9,0,0,0.12,0.05,1,,,,,4/14/23
New Jeans,NewJeans,1,2023,7,7,29562220,134,E,0,0.81,0.53,0.72,0.51,0,0.12,0.05,1,,,,,7/7/23
Primera Cita,Carin Leon,1,2022,4,20,77309611,158,A‚ôØ/B‚ô≠,1,0.54,0.5,0.4,0.61,0,0.1,0.06,1,,,,,4/20/22
Bones,Imagine Dragons,1,2021,3,11,838079900,114,F,0,0.77,0.65,0.72,0.02,0,0.07,0.05,1,,,,,3/11/21
Tak Segampang Itu,Anggi Marito,1,2022,12,2,179659294,130,F,1,0.51,0.18,0.44,0.76,0,0.11,0.03,1,,,,,12/2/22
LAGUNAS,"Jasiel Nu√î√∏Œ©√î√∏Œ©ez, Peso P",2,2023,6,22,39058561,116,B,1,0.77,0.79,0.62,0.33,0.01,0.15,0.03,1,,,,,6/22/23
Mine (Taylor's Version),Taylor Swift,1,2023,7,7,36912123,121,G,1,0.65,0.49,0.78,0,0,0.17,0.04,1,,,,,7/7/23
Tattoo,Loreen,1,2023,2,25,201660859,150,D‚ôØ/E‚ô≠,0,0.55,0.3,0.78,0.24,0,0.12,0.08,1,,,,,2/25/23
Rara Vez,"Taiu, Milo j",2,2023,2,8,248088961,120,F,0,0.84,0.96,0.71,0.18,0,0.34,0.17,1,,,,,2/8/23
VAGABUNDO,"Sebastian Yatra, Manuel Turizo, Be√î√∏Œ©√î",3,2023,5,12,90839753,127,B,0,0.82,0.89,0.85,0.04,0,0.23,0.06,1,,,,,5/12/23
august,Taylor Swift,1,2020,7,24,607123776,90,F,1,0.51,0.42,0.61,0.53,0,0.09,0.03,1,,,,,7/24/20
LUNA,"Junior H, Peso Pluma",2,2023,6,22,55842345,128,A,0,0.75,0.79,0.63,0.33,0,0.15,0.04,1,,,,,6/22/23
Miracle (with Ellie Goulding),"Calvin Harris, Ellie Goulding",2,2023,3,10,211050784,143,A,1,0.64,0.31,0.87,0.04,0.04,0.08,0.04,1,,,,,3/10/23
Nonsense,Sabrina Carpenter,1,2022,7,15,342897938,139,G‚ôØ/A‚ô≠,1,0.74,0.68,0.68,0.03,0,0.26,0.04,1,,,,,7/15/22
Que Vuelvas,"Carin Leon, Grupo Frontera",2,2022,12,9,2762,162,A‚ôØ/B‚ô≠,1,0.49,0.78,0.64,0.19,0,0.11,0.04,1,,,,,12/9/22
Por las Noches,Peso Pluma,1,2021,6,11,330346424,92,,1,0.81,0.39,0.6,0.31,0,0.07,0.03,1,,,,,6/11/21
Feliz Cumplea√î√∏Œ©√î√∏Œ©os Fe,Feid,1,2022,8,19,601863821,95,F,1,0.87,0.57,0.55,0.1,0,0.29,0.07,1,,,,,8/19/22
"Rauw Alejandro: Bzrp Music Sessions, Vol. 56","Rauw Alejandro, Bizarrap",2,2023,6,21,66902503,128,B,1,0.78,0.59,0.65,0.1,0,0.26,0.05,1,,,,,6/21/23
Queencard,(G)I-DLE,1,2023,5,15,96273746,130,E,0,0.82,0.69,0.83,0.03,0,0.27,0.05,1,,,,,5/15/23
OMG,NewJeans,1,2023,1,2,430977451,127,A,0,0.8,0.74,0.77,0.36,0,0.11,0.04,1,,,,,1/2/23
"Shakira: Bzrp Music Sessions, Vol. 53","Shakira, Bizarrap",2,2023,1,11,721975598,122,D,0,0.78,0.5,0.63,0.27,0,0.09,0.05,1,,,,,1/11/23
"Calling (Spider-Man: Across the Spider-Verse) (Metro Boomin & Swae Lee, NAV, feat. A Boogie Wit da Hoodie)","Swae Lee, A Boogie Wit da Hoodie, Metro Boomin, NAV",4,2023,6,2,109276132,140,,1,0.63,0.22,0.54,0.46,0,0.12,0.08,1,,,,,6/2/23
Trance (with Travis Scott & Young Thug),"Travis Scott, Young Thug, Metro Boomin",3,2022,12,2,276259178,119,C‚ôØ/D‚ô≠,0,0.75,0.48,0.53,0.18,0,0.18,0.34,1,,,,,12/2/22
"Tere Vaaste (From ""Zara Hatke Zara Bachke"")","Sachin-Jigar, Shadab Faridi, Altamash Faridi, Amitabh Bhattacharya, Varun Jain",5,2023,5,22,54225632,110,G,0,0.76,0.96,0.72,0.32,0,0.09,0.04,1,,,,,5/22/23
Romantic Homicide,d4vd,1,2022,7,20,681583126,132,F‚ôØ/G‚ô≠,1,0.56,0.2,0.55,0.45,0.01,0.32,0.03,1,,,,,7/20/22
Novo Balan√î√∏Œ©,"Veigh, Bvga Beatz, Supernova Ent, Prod Malax",4,2023,5,19,81102253,124,D‚ôØ/E‚ô≠,0,0.84,0.65,0.5,0.67,0,0.13,0.06,1,,,,,5/19/23
"Gol Bolinha, Gol Quadrado 2","Mc Pedrinho, DJ 900",2,2023,6,1,11956641,133,B,0,0.93,0.68,0.65,0.42,0,0.12,0.25,1,,,,,6/1/23
QUEMA,"Sog, Ryan Castro, Peso Pluma",3,2023,7,13,11599388,97,,1,0.79,0.92,0.89,0.05,0,0.06,0.05,1,,,,,7/13/23
Ojitos Lindos,"Bomba Est√î√∏Œ©√î√∏Œ©reo, Bad B",2,2022,5,6,1133865788,80,D‚ôØ/E‚ô≠,0,0.65,0.27,0.69,0.08,0,0.53,0.04,1,,,,,5/6/22
El Gordo Trae El Mando,Chino Pacas,1,2023,1,27,255932395,140,G,0,0.74,0.96,0.8,0.18,0,0.05,0.05,1,,,,,1/27/23
Mi Bello Angel,Natanael Cano,1,2023,6,30,31873544,128,A,0,0.81,0.9,0.77,0.01,0,0.09,0.05,1,,,,,6/30/23
Bye,Peso Pluma,1,2023,5,26,95053634,122,,1,0.78,0.7,0.81,0.57,0,0.1,0.05,1,,,,,5/26/23
Nosso Quadro,"Ana Castela, AgroPlay",2,2023,2,2,233801632,160,A,1,0.69,0.61,0.71,0.33,0,0.31,0.2,1,,,,,2/2/23
Un Finde | CROSSOVER #2,"Big One, FMK, Ke personajes",3,2023,4,4,142095275,192,B,1,0.5,0.85,0.52,0.11,0,0.28,0.06,1,,,,,4/4/23
Jimmy Cooks (feat. 21 Savage),"Drake, 21 Savage",2,2022,6,17,618885532,163,,1,0.54,0.4,0.67,0,0,0.09,0.17,1,,,,,6/17/22
Ghost,Justin Bieber,1,2021,3,19,1167330737,154,D,1,0.61,0.41,0.74,0.21,0,0.4,0.06,1,,,,,3/19/21
PRC,"Natanael Cano, Peso Pluma",2,2023,1,23,436027885,138,G,0,0.78,0.89,0.83,0.1,0,0.12,0.05,1,,,,,1/23/23
Save Your Tears,The Weeknd,1,2020,3,20,1591223784,118,,1,0.68,0.61,0.82,0.02,0,0.5,0.03,1,,,,,3/20/20
"Am I Dreaming (Metro Boomin & A$AP Rocky, Roisee)","A$AP Rocky, Metro Boomin, Roisee",3,2023,6,2,94186466,90,A,0,0.6,0.13,0.53,0.04,0,0.21,0.04,1,,,,,6/2/23
ÀùÀùÀùÀùÀùÀùÀùÀùÀùÀùÀùÀù,YOASOBI,1,2023,4,12,143573775,166,C‚ôØ/D‚ô≠,1,0.57,0.84,0.94,0.11,0,0.37,0.09,1,,,,,4/12/23
SNAP,Rosa Linn,1,2022,3,19,726307468,170,,1,0.56,0.53,0.64,0.11,0,0.45,0.06,1,,,,,3/19/22
Fin de Semana,"Oscar Maydon, Junior H",2,2023,1,13,307370144,98,,1,0.7,0.37,0.54,0.06,0,0.09,0.08,1,,,,,1/13/23
Cheques,Shubh,1,2023,5,19,47956378,90,E,0,0.74,0.36,0.63,0.26,0,0.27,0.05,1,,,,,5/19/23
Bebe Dame,"Fuerza Regida, Grupo Frontera",2,2022,12,16,367316268,157,G,1,0.54,0.75,0.6,0.3,0,0.07,0.05,1,,,,,12/16/22
You Belong With Me (Taylor√î√∏Œ©√î√∏Œ©√î√∏Œ©s Ve,Taylor Swift,1,2021,4,9,350381515,130,F‚ôØ/G‚ô≠,1,0.63,0.49,0.73,0.05,0,0.09,0.03,1,,,,,4/9/21
Titi Me Pregunt√î√∏,Bad Bunny,1,2022,5,6,1264310836,107,F,0,0.65,0.19,0.72,0.1,0,0.13,0.25,1,,,,,5/6/22
Better Than Revenge (Taylor's Version),Taylor Swift,1,2023,7,7,30343206,146,B,0,0.5,0.67,0.89,0,0,0.19,0.08,1,,,,,7/7/23
Shut up My Moms Calling,Hotel Ugly,1,2020,2,10,405136812,139,A,0,0.48,0.37,0.41,0.32,0,0.1,0.1,1,,,,,2/10/20
POLARIS - Remix,"Feid, Mora, Saiko, Quevedo",4,2023,6,8,57312735,170,G‚ôØ/A‚ô≠,0,0.62,0.55,0.8,0.15,0,0.37,0.07,1,,,,,6/8/23
Ditto,NewJeans,1,2022,12,19,397582059,134,F‚ôØ/G‚ô≠,0,0.81,0.18,0.64,0.03,0,0.1,0.11,1,,,,,12/19/22
"Annihilate (Spider-Man: Across the Spider-Verse) (Metro Boomin & Swae Lee, Lil Wayne, Offset)","Swae Lee, Lil Wayne, Offset, Metro Boomin",4,2023,6,2,86773632,146,B,0,0.61,0.2,0.48,0.21,0,0.12,0.06,1,,,,,6/2/23
"Angel Pt 1 (feat. Jimin of BTS, JVKE & Muni Long)","Kodak Black, NLE Choppa, Muni Long, JVKE, Jimin",5,2023,5,1,133753727,74,A‚ôØ/B‚ô≠,0,0.53,0.24,0.67,0.11,0,0.1,0.28,1,,,,,5/1/23
Acr√î√∏Œ©√î√∏Œ©s,Shakira,1,2023,5,11,123124076,144,B,1,0.75,0.35,0.48,0.84,0,0.1,0.12,1,,,,,5/11/23
AMG,"Natanael Cano, Gabito Ballesteros, Peso Pluma",3,2022,11,24,463564958,136,B,0,0.77,0.79,0.73,0.15,0,0.27,0.1,1,,,,,11/24/22
"Phir Aur Kya Chahiye (From ""Zara Hatke Zara Bachke"")","Arijit Singh, Sachin-Jigar, Amitabha Bhattacharya",3,2023,5,15,64533040,100,E,1,0.56,0.53,0.55,0.53,0,0.12,0.04,1,,,,,5/15/23
S-Class,Stray Kids,1,2023,6,2,65496046,105,F,0,0.89,0.67,0.78,0.09,0,0.07,0.33,1,,,,,6/2/23
Hits Different,Taylor Swift,1,2023,5,26,68616963,106,F,1,0.67,0.24,0.78,0.15,0,0.3,0.04,1,,,,,5/26/23
Chanel,"Becky G, Peso Pluma",2,2023,3,30,161460990,132,D,1,0.85,0.53,0.68,0.4,0,0.09,0.04,1,,,,,3/30/23
Self Love (Spider-Man: Across the Spider-Verse) (Metro Boomin & Coi Leray),"Metro Boomin, Coi Leray",2,2023,6,2,70106975,120,A,1,0.78,0.05,0.3,0.21,0,0.13,0.05,1,,,,,6/2/23
Area Codes,"Kaliii, Kaliii",2,2023,3,17,113509496,155,C‚ôØ/D‚ô≠,1,0.82,0.51,0.39,0.02,0,0.09,0.49,1,,,,,3/17/23
Abcdario,"Junior H, Eden Mu√î√∏Œ©√î",2,2023,5,13,89933133,129,G‚ôØ/A‚ô≠,1,0.7,0.42,0.43,0.78,0,0.11,0.03,1,,,,,5/13/23
Obsessed,"Abhijay Sharma, Riar Saab",2,2022,9,29,71007139,135,F,0,0.8,0.85,0.74,0.62,0,0.08,0.09,1,,,,,9/29/22
Pi√î√∏Œ©√î√∏Œ©man De√î√∏,"Semicenk, Do√î√∏Œ©√î√∏Œ©u ",2,2023,6,2,43522589,98,A‚ôØ/B‚ô≠,0,0.73,0.45,0.62,0.28,0,0.13,0.13,1,,,,,6/2/23
FLOWER,JISOO,1,2023,3,31,232896922,124,A,0,0.84,0.64,0.39,0.03,0,0.11,0.04,1,,,,,3/31/23
"All The Way Live (Spider-Man: Across the Spider-Verse) (Metro Boomin & Future, Lil Uzi Vert)","Future, Lil Uzi Vert, Metro Boomin",3,2023,6,2,37126685,135,A,0,0.77,0.28,0.55,0.18,0,0.22,0.15,1,,,,,6/2/23
Eyes Closed,Ed Sheeran,1,2023,3,23,195576623,107,D,1,0.78,0.39,0.53,0.3,0,0.11,0.06,1,,,,,3/23/23
Escapism.,"RAYE, 070 Shake",2,2022,10,12,532336353,96,D,1,0.54,0.25,0.74,0.14,0,0.09,0.11,1,,,,,10/12/22
La Jumpa,"Arcangel, Bad Bunny",2,2022,11,30,538115192,123,G‚ôØ/A‚ô≠,1,0.71,0.58,0.7,0.3,0,0.32,0.19,1,,,,,11/30/22
Karma (feat. Ice Spice),"Taylor Swift, Ice Spice",2,2023,5,26,46142772,90,G‚ôØ/A‚ô≠,1,0.62,0.07,0.62,0.06,0,0.58,0.06,1,,,,,5/26/23
Superhero (Heroes & Villains) [with Future & Chris Brown],"Future, Chris Brown, Metro Boomin",3,2022,12,2,401036314,117,F,0,0.72,0.45,0.59,0.14,0,0.2,0.21,1,,,,,12/2/22
Las Morras,"BLESSD, Peso Pluma",2,2023,4,4,127026613,133,A,0,0.78,0.9,0.84,0.31,0,0.07,0.04,1,,,,,4/4/23
CHORRITO PA LAS ANIMAS,Feid,1,2022,12,2,345031710,96,G‚ôØ/A‚ô≠,0,0.74,0.61,0.83,0.11,0,0.35,0.06,1,,,,,12/2/22
Ch y la Pizza,"Fuerza Regida, Natanael Cano",2,2022,12,1,288101651,149,G‚ôØ/A‚ô≠,1,0.66,0.85,0.6,0.4,0,0.14,0.13,1,,,,,12/1/22
Snow On The Beach (feat. More Lana Del Rey),"Lana Del Rey, Taylor Swift",2,2023,5,26,60350538,110,F‚ôØ/G‚ô≠,0,0.66,0.32,0.4,0.81,0,0.11,0.03,1,,,,,5/26/23
Players,Coi Leray,1,2022,11,30,335074782,105,F‚ôØ/G‚ô≠,1,0.95,0.62,0.52,0.03,0,0.05,0.16,1,,,,,11/30/22
Bite Me,ENHYPEN,1,2023,5,22,76767396,105,C‚ôØ/D‚ô≠,1,0.8,0.69,0.78,0.28,0,0.11,0.14,1,,,,,5/22/23
Stand By Me (feat. Morgan Wallen),"Lil Durk, Morgan Wallen",2,2023,5,26,46065667,134,B,1,0.76,0.61,0.58,0.06,0,0.16,0.03,1,,,,,5/26/23
Normal,Feid,1,2022,7,8,459276435,170,E,0,0.71,0.59,0.56,0.04,0,0.27,0.12,1,,,,,7/8/22
Hummingbird (Metro Boomin & James Blake),"James Blake, Metro Boomin",2,2023,6,2,39666245,81,F‚ôØ/G‚ô≠,1,0.59,0.26,0.6,0.46,0.01,0.25,0.13,1,,,,,6/2/23
Seu Brilho Sumiu - Ao Vivo,"Israel & Rodolffo, Mari Fernandez",2,2023,3,1,138517666,154,F‚ôØ/G‚ô≠,1,0.63,0.75,0.92,0.31,0,0.91,0.05,1,,,,,3/1/23
Bad Habit,Steve Lacy,1,2022,6,29,822633917,169,C‚ôØ/D‚ô≠,1,0.69,0.69,0.51,0.63,0,0.38,0.04,1,,,,,6/29/22
CUFF IT,Beyonc√î√∏,1,2022,7,29,595900742,115,G,1,0.78,0.64,0.69,0.04,0,0.07,0.14,1,,,,,7/29/22
Lilith (feat. SUGA of BTS) (Diablo IV Anthem),"Halsey, Suga",2,2023,6,5,51985779,84,A,0,0.43,0.14,0.74,0.01,0,0.19,0.08,1,,,,,6/5/23
69,"Nicky Jam, Feid",2,2023,5,18,57945987,93,G‚ôØ/A‚ô≠,1,0.79,0.58,0.62,0.11,0,0.11,0.23,1,,,,,5/18/23
Ni√î√∏Œ©√î√∏Œ©a Bo,"Sean Paul, Feid",2,2023,4,21,115010040,91,G,1,0.82,0.47,0.62,0.1,0,0.1,0.15,1,,,,,4/21/23
Search & Rescue,Drake,1,2023,4,7,175097833,142,A‚ôØ/B‚ô≠,0,0.82,0.54,0.44,0.06,0,0.33,0.07,1,,,,,4/7/23
AMERICA HAS A PROBLEM (feat. Kendrick Lamar),"Kendrick Lamar, Beyonc√î√∏",2,2023,5,19,57089066,126,C‚ôØ/D‚ô≠,1,0.78,0.2,0.7,0.01,0,0.16,0.04,1,,,,,5/19/23
Lavender Haze,Taylor Swift,1,2022,10,21,488386797,97,A‚ôØ/B‚ô≠,1,0.73,0.1,0.44,0.26,0,0.16,0.08,1,,,,,10/21/22
"Link Up (Metro Boomin & Don Toliver, Wizkid feat. BEAM & Toian) - Spider-Verse Remix (Spider-Man: Across the Spider-Verse )","WizKid, Toian, Metro Boomin, Don Toliver, Beam",5,2023,6,2,32761689,101,F,1,0.92,0.59,0.51,0.41,0.51,0.26,0.08,1,,,,,6/2/23
Efecto,Bad Bunny,1,2022,5,6,1047480053,98,G,0,0.8,0.23,0.48,0.14,0,0.06,0.05,1,,,,,5/6/22
Erro Gostoso - Ao Vivo,Simone Mendes,1,2023,1,27,153454328,154,F‚ôØ/G‚ô≠,1,0.59,0.63,0.89,0.18,0,0.8,0.09,1,,,,,1/27/23
Cupido,Tini,1,2023,2,14,217672943,120,A,1,0.91,0.63,0.58,0.52,0,0.31,0.22,1,,,,,2/14/23
Just Wanna Rock,Lil Uzi Vert,1,2022,10,17,457184829,150,B,1,0.49,0.04,0.55,0.07,0,0.06,0.03,1,,,,,10/17/22
Until I Found You,Stephen Sanchez,1,2021,9,1,726434358,202,A‚ôØ/B‚ô≠,1,0.34,0.25,0.51,0.69,0,0.18,0.04,1,,,,,9/1/21
Rich Flex,"Drake, 21 Savage",2,2022,11,4,573633020,153,B,0,0.56,0.42,0.52,0.05,0,0.36,0.24,1,,,,,11/4/22
Easy On Me,Adele,1,2021,10,14,1406111294,142,F,1,0.6,0.13,0.37,0.58,0,0.13,0.03,1,,,,,10/14/21
Cart√î√∏Œ©√î√∏Œ©o B,"MC Caverinha, KayBlack",2,2023,5,11,71573339,108,A,0,0.84,0.55,0.47,0.26,0,0.2,0.64,1,,,,,5/11/23
Danger (Spider) (Offset & JID),"Offset, JID",2,2023,6,2,24975653,143,B,1,0.83,0.25,0.69,0.04,0,0.23,0.12,1,,,,,6/2/23
Oi Balde - Ao Vivo,Z√î√∏Œ©√î√∏Œ© Neto & Crist,1,2023,2,14,145458418,108,D,1,0.67,0.55,0.67,0.6,0,0.8,0.05,1,,,,,2/14/23
MERCHO,"Migrantes, LiL CaKe, Nico Valdi",3,2022,12,16,231332117,93,F‚ôØ/G‚ô≠,0,0.84,0.96,0.79,0.43,0,0.18,0.11,1,,,,,12/16/22
The Color Violet,Tory Lanez,1,2021,12,10,415932686,105,F‚ôØ/G‚ô≠,0,0.65,0.46,0.53,0.16,0,0.09,0.05,1,,,,,12/10/21
Glimpse of Us,Joji,1,2022,6,10,988515741,170,G‚ôØ/A‚ô≠,1,0.44,0.27,0.32,0.89,0,0.14,0.05,1,,,,,6/10/22
Mejor Que Yo,"Mambo Kingz, DJ Luian, Anuel Aa",3,2023,5,4,50847624,178,C‚ôØ/D‚ô≠,0,0.62,0.56,0.66,0.18,0,0.12,0.05,1,,,,,5/4/23
Curtains,Ed Sheeran,1,2023,5,5,39893489,176,F‚ôØ/G‚ô≠,0,0.5,0.44,0.76,0.1,0,0.32,0.05,1,,,,,5/5/23
UNFORGIVEN (feat. Nile Rodgers),"Nile Rodgers, LE SSERAFIM",2,2023,5,1,92035115,104,E,0,0.8,0.38,0.88,0.11,0,0.11,0.05,1,,,,,5/1/23
Haegeum,Agust D,1,2023,4,21,118810253,85,G,1,0.7,0.83,0.84,0.31,0,0.47,0.3,1,,,,,4/21/23
Conex√î√∏Œ©√î√∏Œ©es de M√î√∏Œ©√î√∏Œ©fia (feat. Rich ,"Rich The Kid, Matu√î√∏",2,2023,4,30,77233241,117,F‚ôØ/G‚ô≠,0,0.77,0.69,0.58,0.39,0,0.26,0.05,1,,,,,4/30/23
MIENTRAS ME CURO DEL CORA,Karol G,1,2023,2,24,206399629,80,,1,0.52,0.57,0.48,0.86,0,0.15,0.39,1,,,,,2/24/23
Never Felt So Alone,Labrinth,1,2023,4,7,117747907,98,F,1,0.44,0.36,0.41,0.5,0,0.38,0.05,1,,,,,4/7/23
X SI VOLVEMOS,"Karol G, Romeo Santos",2,2023,2,2,266624541,178,C‚ôØ/D‚ô≠,0,0.79,0.58,0.78,0.34,0,0.11,0.25,1,,,,,2/2/23
ceilings,Lizzy McAlpine,1,2022,4,8,293186992,148,A,1,0.51,0.27,0.33,0.48,0,0.22,0.03,1,,,,,4/8/22
Cupid,Fifty Fifty,1,2023,2,24,139681964,120,D,1,0.77,0.94,0.66,0.65,0,0.38,0.03,1,,,,,2/24/23
I AM,IVE,1,2023,4,10,123132751,122,E,0,0.68,0.38,0.88,0.01,0,0.08,0.05,1,,,,,4/10/23
Shorty Party,"Cartel De Santa, La Kelly",2,2023,3,4,162887075,96,D,1,0.93,0.47,0.47,0.33,0,0.1,0.36,1,,,,,3/4/23
Super,SEVENTEEN,1,2023,4,24,91221625,137,G‚ôØ/A‚ô≠,1,0.77,0.35,0.88,0.16,0,0.17,0.09,1,,,,,4/24/23
Slut Me Out,NLE Choppa,1,2022,4,22,190490915,121,F‚ôØ/G‚ô≠,0,0.94,0.71,0.61,0.12,0,0.53,0.42,1,,,,,4/22/22
Double Fantasy (with Future),"The Weeknd, Future",2,2023,4,21,96180277,119,A,0,0.6,0.1,0.57,0.01,0,0.5,0.03,1,,,,,4/21/23
PROVENZA,Karol G,1,2022,4,21,885093467,111,C‚ôØ/D‚ô≠,1,0.87,0.53,0.52,0.66,0.01,0.11,0.05,1,,,,,4/21/22
Princess Diana (with Nicki Minaj),"Nicki Minaj, Ice Spice",2,2023,4,14,104992946,148,A,1,0.9,0.74,0.68,0.14,0,0.1,0.19,1,,,,,4/14/23
Di Que Si,"Grupo Marca Registrada, Grupo Frontera",2,2023,2,3,147290338,182,A,1,0.57,0.8,0.59,0.08,0,0.06,0.05,1,,,,,2/3/23
Shivers,Ed Sheeran,1,2021,9,9,1302184087,141,D,1,0.79,0.82,0.86,0.28,0,0.04,0.09,1,,,,,9/9/21
Igualito a Mi Ap√î√∏,"Fuerza Regida, Peso Pluma",2,2022,12,30,158950978,145,E,0,0.76,0.8,0.81,0.19,0,0.06,0.09,1,,,,,12/30/22
Shoong! (feat. LISA of BLACKPINK),"TAEYANG, Lisa",2,2023,4,25,76910644,110,B,0,0.76,0.26,0.7,0.01,0,0.41,0.06,1,,,,,4/25/23
Komang,Raim Laode,1,2022,8,16,137123880,134,G,1,0.7,0.35,0.41,0.41,0,0.1,0.03,1,,,,,8/16/22
DESPECH√î√∏,ROSAL√î√∏Œ©,1,2022,7,28,782369383,130,G,1,0.92,0.78,0.62,0.18,0,0.06,0.1,1,,,,,7/28/22
Made You Look,Meghan Trainor,1,2022,10,21,502574952,145,A‚ôØ/B‚ô≠,1,0.84,0.88,0.53,0.35,0,0.08,0.07,1,,,,,10/21/22
Watch This - ARIZONATEARS Pluggnb Remix,"sped up nightcore, ARIZONATEARS, Lil Uzi Vert",3,2023,2,5,207033255,130,B,0,0.69,0.36,0.9,0.01,0.1,0.15,0.04,1,,,,,2/5/23
No Se Va,Grupo Frontera,1,2022,4,28,404887295,173,,1,0.59,0.69,0.53,0.12,0,0.23,0.03,1,,,,,4/28/22
Punto G,Quevedo,1,2022,11,4,381161027,92,B,0,0.75,0.55,0.76,0.25,0,0.1,0.15,1,,,,,11/4/22
METAMORPHOSIS,INTERWORLD,1,2021,11,25,357580552,175,G,0,0.59,0.15,0.64,0.43,0.9,0.12,0.1,1,,,,,11/25/21
Mami Chula,"Quevedo, Jhayco",2,2023,4,27,61105704,120,G,0,0.8,0.33,0.7,0.22,0,0.09,0.04,1,,,,,4/27/23
En Paris,"El Chachito, Junior H",2,2022,12,24,198275403,139,D‚ôØ/E‚ô≠,0,0.7,0.77,0.48,0.37,0,0.12,0.05,1,,,,,12/24/22
Set Me Free Pt.2,Jimin,1,2023,3,17,168448603,132,,0,0.59,0.56,0.82,0.12,0,0.12,0.06,1,,,,,3/17/23
Don't ever say love me (feat. RM of BTS),"RM, Colde",2,2023,5,4,34502215,145,B,0,0.54,0.19,0.48,0.36,0,0.37,0.05,1,,,,,5/4/23
Shut Down,BLACKPINK,1,2022,9,16,482175240,110,,1,0.82,0.67,0.69,0,0,0.18,0.04,1,,,,,9/16/22
Gato de Noche,"Nengo Flow, Bad Bunny",2,2022,12,22,304118600,94,G‚ôØ/A‚ô≠,1,0.89,0.61,0.66,0.17,0,0.36,0.16,1,,,,,12/22/22
Like Crazy (English Version),Jimin,1,2023,3,24,173627354,120,G,1,0.62,0.32,0.76,0,0,0.39,0.04,1,,,,,3/24/23
Rosa Pastel,"Jasiel Nu√î√∏Œ©√î√∏Œ©ez, Peso P",2,2023,2,2,90025258,123,G,0,0.7,0.86,0.68,0.24,0,0.11,0.04,1,,,,,2/2/23
Sunroof,"Nicky Youre, Dazy",2,2021,12,3,652704649,131,A‚ôØ/B‚ô≠,1,0.77,0.84,0.71,0.35,0,0.15,0.04,1,,,,,12/3/21
Mas Rica Que Ayer,"Mambo Kingz, DJ Luian, Anuel Aa",3,2023,3,2,146409671,94,B,1,0.82,0.53,0.67,0.34,0,0.09,0.08,1,,,,,3/2/23
People Pt.2 (feat. IU),"IU, Agust D",2,2023,4,7,95816024,89,G,0,0.73,0.44,0.57,0.39,0,0.32,0.06,1,,,,,4/7/23
REMIX EXCLUSIVO,Feid,1,2023,3,17,117206995,87,F,0,0.65,0.71,0.56,0.04,0,0.15,0.2,1,,,,,3/17/23
"Arc√î√∏Œ©√î√∏Œ©ngel: Bzrp Music Sessions, Vol","Arcangel, Bizarrap",2,2023,3,22,100409613,124,B,0,0.72,0.79,0.78,0.55,0,0.15,0.3,1,,,,,3/22/23
DOGTOOTH,"Tyler, The Creator",2,2023,3,27,80758350,78,G‚ôØ/A‚ô≠,1,0.71,0.8,0.65,0.51,0,0.22,0.32,1,,,,,3/27/23
10:35,"Ti√î√∏Œ©√î√∏Œ©sto, Tate M",2,2022,11,1,325592432,120,G‚ôØ/A‚ô≠,1,0.7,0.7,0.79,0.07,0,0.18,0.1,1,,,,,11/1/22
SORRY NOT SORRY,"Tyler, The Creator",2,2023,3,31,58473276,96,F‚ôØ/G‚ô≠,0,0.48,0.5,0.8,0.4,0,0.37,0.2,1,,,,,3/31/23
HAPPY,NF,1,2023,3,25,52722996,106,G,1,0.73,0.22,0.86,0.31,0,0.12,0.04,1,,,,,3/25/23
La Bebe,Yng Lvcas,1,2021,12,24,191945597,170,D,0,0.78,0.75,0.46,0.62,0,0.12,0.35,1,,,,,12/24/21
I Know - PR1SVX Edit,"Kanii, PR1ISVX",2,2023,3,24,77377503,134,B,0,0.67,0.11,0.76,0.08,0.47,0.3,0.07,1,,,,,3/24/23
Late Night Talking,Harry Styles,1,2022,5,20,743693613,115,A‚ôØ/B‚ô≠,1,0.71,0.9,0.73,0.3,0,0.11,0.05,1,,,,,5/20/22
Le√î√∏Œ©,Mar√î√∏Œ©√î√∏Œ©lia Mendo,1,2022,12,9,267789608,130,F‚ôØ/G‚ô≠,1,0.74,0.79,0.87,0.45,0,0.3,0.03,1,,,,,12/9/22
Save Your Tears (with Ariana Grande) (Remix),"Ariana Grande, The Weeknd",2,2020,3,20,1221813483,118,,1,0.65,0.63,0.79,0.03,0,0.1,0.03,1,,,,,3/20/20
Something in the Orange,Zach Bryan,1,2022,4,22,449701773,110,G,1,0.59,0.22,0.38,0.42,0,0.12,0.03,1,,,,,4/22/22
VOID,Melanie Martinez,1,2023,3,29,67070410,100,A,1,0.72,0.42,0.66,0.18,0.04,0.19,0.04,1,,,,,3/29/23
Dijeron Que No La Iba Lograr,"Fuerza Regida, Chino Pacas",2,2023,3,14,116334601,142,G,0,0.7,0.76,0.79,0.26,0,0.11,0.07,1,,,,,3/14/23
Midnight Rain,Taylor Swift,1,2022,10,21,433356509,140,,1,0.64,0.18,0.37,0.72,0,0.12,0.07,1,,,,,10/21/22
If We Ever Broke Up,Mae Stephens,1,2023,2,10,165584767,116,G,1,0.9,0.96,0.73,0.62,0,0.09,0.04,1,,,,,2/10/23
You Proof,Morgan Wallen,1,2022,5,13,367814306,120,A,1,0.73,0.64,0.85,0.25,0,0.61,0.03,1,,,,,5/13/22
LA INOCENTE,"Feid, Mora",2,2022,4,1,477033549,92,F,0,0.76,0.46,0.79,0.31,0,0.07,0.06,1,,,,,4/1/22
Malas Decisiones,Kenia OS,1,2022,10,26,156214700,110,G‚ôØ/A‚ô≠,0,0.81,0.64,0.79,0.05,0,0.31,0.03,1,,,,,10/26/22
Murder In My Mind,Kordhell,1,2022,1,21,448843705,120,A‚ôØ/B‚ô≠,1,0.71,0.57,0.97,0.01,0,0.13,0.11,1,,,,,1/21/22
CAIRO,"Karol G, Ovy On The Drums",2,2022,11,13,294352144,115,F,0,0.95,0.43,0.69,0.47,0,0.09,0.31,1,,,,,11/13/22
Peaches (from The Super Mario Bros. Movie),Jack Black,1,2023,4,7,68216992,92,A‚ôØ/B‚ô≠,0,0.71,0.41,0.31,0.79,0,0.1,0.05,1,,,,,4/7/23
Marisola - Remix,"Duki, NICKI NICOLE, Cris Mj, Standly, Stars Music Chile",5,2022,12,15,223582566,95,C‚ôØ/D‚ô≠,1,0.77,0.72,0.87,0.17,0,0.07,0.05,1,,,,,12/15/22
LOKERA,"Brray, Rauw Alejandro, Lyanno",3,2022,7,25,471819764,102,B,0,0.83,0.58,0.83,0.21,0,0.1,0.05,1,,,,,7/25/22
Low,SZA,1,2022,12,9,272377463,145,,0,0.7,0.34,0.55,0.43,0,0.16,0.06,1,,,,,12/9/22
Tormenta (feat. Bad Bunny),"Gorillaz, Bad Bunny",2,2023,2,24,149778242,95,,1,0.64,0.3,0.77,0.46,0,0.38,0.06,1,,,,,2/24/23
on the street (with J. Cole),"j-hope, J. Cole",2,2023,3,3,116599790,94,B,0,0.68,0.81,0.82,0.53,0,0.09,0.13,1,,,,,3/3/23
One Thing At A Time,Morgan Wallen,1,2022,12,2,148469433,142,G,1,0.61,0.92,0.91,0,0,0.26,0.03,1,,,,,12/2/22
Miss You,"Robin Schulz, Oliver Tree",2,2022,8,5,497225336,145,F‚ôØ/G‚ô≠,0,0.59,0.2,0.74,0.01,0,0.15,0.05,1,,,,,8/5/22
Ain√î√∏Œ©√î√∏Œ©√î√∏Œ©t Tha,Morgan Wallen,1,2023,3,3,88791109,121,F‚ôØ/G‚ô≠,0,0.64,0.67,0.8,0,0,0.36,0.03,1,,,,,3/3/23
Thinkin√î√∏Œ©√î√∏Œ©√î√∏Œ© B,Morgan Wallen,1,2023,3,3,125917280,140,D‚ôØ/E‚ô≠,0,0.66,0.43,0.76,0.49,0,0.12,0.03,1,,,,,3/3/23
Private Landing (feat. Justin Bieber & Future),"Don Toliver, Future, Justin Bieber",3,2023,2,23,105062254,137,C‚ôØ/D‚ô≠,0,0.84,0.44,0.67,0.08,0,0.11,0.06,1,,,,,2/23/23
Everything I Love,Morgan Wallen,1,2023,1,31,95623148,104,G‚ôØ/A‚ô≠,1,0.56,0.72,0.85,0,0,0.15,0.03,1,,,,,1/31/23
Heaven,Niall Horan,1,2023,2,17,144584800,92,F,1,0.57,0.68,0.76,0.07,0,0.33,0.03,1,,,,,2/17/23
LET GO,Central Cee,1,2022,12,15,298063749,146,D,0,0.74,0.51,0.45,0.86,0,0.21,0.38,1,,,,,12/15/22
Sial,Mahalini,1,2023,1,23,166570053,120,D,1,0.56,0.2,0.43,0.89,0,0.12,0.04,1,,,,,1/23/23
I Wrote The Book,Morgan Wallen,1,2023,1,31,83021468,144,D,1,0.68,0.83,0.81,0.09,0,0.08,0.04,1,,,,,1/31/23
"Apna Bana Le (From ""Bhediya"")","Arijit Singh, Sachin-Jigar",2,2022,11,5,139836056,94,A,1,0.59,0.44,0.56,0.8,0,0.06,0.03,1,,,,,11/5/22
SPIT IN MY FACE!,ThxSoMch,1,2022,10,31,303216294,94,G‚ôØ/A‚ô≠,1,0.73,0.65,0.79,0.05,0.02,0.11,0.06,1,,,,,10/31/22
PLAYA DEL INGL√î√∏Œ©,"Myke Towers, Quevedo",2,2022,12,15,221409663,113,G,0,0.79,0.66,0.74,0.08,0,0.11,0.05,1,,,,,12/15/22
Man Made A Bar (feat. Eric Church),"Morgan Wallen, Eric Church",2,2023,3,3,58890931,148,E,1,0.5,0.49,0.76,0.12,0,0.12,0.03,1,,,,,3/3/23
Red Ruby Da Sleeze,Nicki Minaj,1,2023,3,3,81419389,98,C‚ôØ/D‚ô≠,1,0.7,0.29,0.73,0.12,0,0.11,0.26,1,,,,,3/3/23
Kahani Suno 2.0,Kaifi Khalil,1,2022,5,31,156777415,140,B,1,0.58,0.26,0.38,0.91,0,0.1,0.04,1,,,,,5/31/22
Nobody Gets Me,SZA,1,2022,12,9,284908316,100,G,1,0.36,0.28,0.28,0.81,0,0.18,0.03,1,,,,,12/9/22
PERO T√î√∏,"Karol G, Quevedo",2,2023,2,23,93438910,140,F‚ôØ/G‚ô≠,1,0.86,0.68,0.79,0.39,0,0.11,0.29,1,,,,,2/23/23
Hype Boy,NewJeans,1,2022,8,1,363472647,100,E,0,0.59,0.78,0.94,0.27,0,0.29,0.23,1,,,,,8/1/22
Monoton√î√∏Œ©,"Ozuna, Shakira",2,2022,10,19,380726517,132,,0,0.87,0.82,0.7,0.42,0,0.21,0.05,1,,,,,10/19/22
ÀùÀùÀù98 Braves,Morgan Wallen,1,2023,3,3,56533272,142,D,1,0.49,0.48,0.67,0.1,0,0.26,0.03,1,,,,,3/3/23
WANDA,Quevedo,1,2023,1,20,175399345,176,E,0,0.72,0.96,0.63,0.25,0,0.21,0.07,1,,,,,1/20/23
Thought You Should Know,Morgan Wallen,1,2022,5,6,203221468,140,F‚ôØ/G‚ô≠,1,0.53,0.51,0.7,0.49,0,0.14,0.03,1,,,,,5/6/22
Zona De Perigo,Leo Santana,1,2022,12,8,134294498,135,F,1,0.81,0.97,0.77,0.75,0,0.35,0.03,1,,,,,12/8/22
Lovezinho,Treyce,1,2022,7,28,70069745,128,E,0,0.82,0.61,0.59,0.3,0,0.12,0.04,1,,,,,7/28/22
I Like You (A Happier Song) (with Doja Cat),"Post Malone, Doja Cat",2,2022,6,3,609293408,101,F,1,0.74,0.43,0.69,0.12,0,0.12,0.07,1,,,,,6/3/22
Neverita,Bad Bunny,1,2022,5,6,671365962,122,A‚ôØ/B‚ô≠,1,0.88,0.43,0.5,0.07,0,0.14,0.05,1,,,,,5/6/22
Vista Al Mar,Quevedo,1,2022,9,8,362361576,105,,0,0.76,0.49,0.56,0.8,0.12,0.1,0.13,1,,,,,9/8/22
Sem Alian√î√∏Œ©√î√∏Œ©a no ,"MC Xenon, Os Gemeos da Putaria",2,2022,12,23,93587665,83,C‚ôØ/D‚ô≠,1,0.53,0.4,0.36,0.73,0,0.11,0.33,1,,,,,12/23/22
Enemy (with JID) - from the series Arcane League of Legends,"Imagine Dragons, League of Legends, JID, Arcane",4,2021,9,3,1223481149,77,B,0,0.72,0.59,0.76,0.24,0,0.42,0.28,1,,,,,9/3/21
Bombonzinho - Ao Vivo,"Israel & Rodolffo, Ana Castela",2,2022,11,3,263453310,158,C‚ôØ/D‚ô≠,1,0.65,0.72,0.95,0.31,0,0.92,0.05,1,,,,,11/3/22
Qu√î√∏Œ©√î√∏Œ© Ago,"Yuridia, Angela Aguilar",2,2022,10,20,236857112,98,B,1,0.73,0.88,0.57,0.56,0,0.05,0.02,1,,,,,10/20/22
Love Again,The Kid Laroi,1,2023,1,27,147538971,107,B,0,0.66,0.47,0.4,0.72,0,0.11,0.03,1,,,,,1/27/23
After Hours,The Weeknd,1,2020,2,19,698086140,109,F,0,0.66,0.16,0.57,0.1,0.01,0.12,0.03,1,,,,,2/19/20
About Damn Time,Lizzo,1,2022,7,15,723894473,109,A‚ôØ/B‚ô≠,0,0.84,0.72,0.74,0.1,0,0.34,0.07,1,,,,,7/15/22
Born With A Beer In My Hand,Morgan Wallen,1,2023,3,3,34450974,148,,1,0.53,0.61,0.81,0.05,0,0.36,0.04,1,,,,,3/3/23
ÀùÀùÀùÀùÀùÀùÀùÀùÀùÀùÀùÀùÀùÀùÀùÀùÀùÀùÀùÀùÀù,Fujii Kaze,1,2020,5,20,403097450,158,F‚ôØ/G‚ô≠,0,0.6,0.52,0.76,0.17,0,0.19,0.05,1,,,,,5/20/20
Besos Moja2,"Wisin & Yandel, ROSAL√î√∏Œ©",2,2022,9,29,309483971,94,F,0,0.74,0.64,0.73,0.06,0,0.1,0.06,1,,,,,9/29/22
Maan Meri Jaan,King,1,2022,10,12,319566866,96,F‚ôØ/G‚ô≠,0,0.7,0.4,0.51,0.35,0,0.1,0.04,1,,,,,10/12/22
Moscow Mule,Bad Bunny,1,2022,5,6,909001996,100,F,0,0.8,0.29,0.67,0.29,0,0.12,0.03,1,,,,,5/6/22
My Universe,"Coldplay, BTS",2,2021,9,24,1061966512,105,A,1,0.58,0.42,0.68,0.01,0,0.14,0.04,1,,,,,9/24/21
Devil Don√î√∏Œ©√î√∏Œ©√î√∏Œ©,Morgan Wallen,1,2023,3,3,32526947,125,,1,0.53,0.32,0.66,0.38,0,0.09,0.03,1,,,,,3/3/23
LLYLM,ROSAL√î√∏Œ©,1,2023,1,27,124988687,170,F‚ôØ/G‚ô≠,0,0.56,0.56,0.63,0.13,0,0.19,0.27,1,,,,,1/27/23
I'm Not Here To Make Friends,"Sam Smith, Calvin Harris, Jessie Reyez",3,2023,1,27,103787664,115,,1,0.7,0.84,0.9,0.17,0,0.41,0.06,1,,,,,1/27/23
TRUSTFALL,P!nk,1,2023,1,27,134255790,122,G‚ôØ/A‚ô≠,1,0.64,0.25,0.89,0,0,0.15,0.09,1,,,,,1/27/23
ANTIFRAGILE,LE SSERAFIM,1,2022,10,17,301051721,105,A‚ôØ/B‚ô≠,0,0.88,0.82,0.8,0.08,0,0.11,0.08,1,,,,,10/17/22
Boy's a liar,PinkPantheress,1,2022,11,30,156338624,133,F,1,0.66,0.74,0.84,0.25,0,0.21,0.04,1,,,,,11/30/22
VIBE (feat. Jimin of BTS),"TAEYANG, Jimin",2,2023,1,13,152850295,100,,1,0.79,0.6,0.68,0.07,0,0.26,0.04,1,,,,,1/13/23
Shirt,SZA,1,2022,10,28,309653982,120,D‚ôØ/E‚ô≠,0,0.82,0.55,0.45,0.15,0.03,0.09,0.1,1,,,,,10/28/22
Lift Me Up - From Black Panther: Wakanda Forever - Music From and Inspired By,Rihanna,1,2022,10,28,297328960,177,A,1,0.25,0.17,0.3,0.9,0,0.13,0.03,1,,,,,10/28/22
STAR WALKIN' (League of Legends Worlds Anthem),Lil Nas X,1,2022,9,22,332506354,142,D,0,0.64,0.31,0.72,0.15,0,0.09,0.05,1,,,,,9/22/22
Calm Down,R√î√∏Œ©√î,1,2022,2,9,445763624,107,B,1,0.81,0.82,0.78,0.38,0,0.12,0.04,1,,,,,2/9/22
Jhoome Jo Pathaan,"Arijit Singh, Vishal Dadlani, Sukriti Kakar, Vishal-Shekhar, Shekhar Ravjiani, Kumaar",6,2022,12,22,1365184,105,G,1,0.82,0.62,0.74,0.1,0,0.33,0.07,1,,,,,12/22/22
Escapism. - Sped Up,"RAYE, 070 Shake",2,2022,11,25,184308753,108,F‚ôØ/G‚ô≠,0,0.44,0.38,0.77,0.09,0,0.09,0.2,1,,,,,11/25/22
Dreamers [Music from the FIFA World Cup Qatar 2022 Official Soundtrack],"BTS, Jung Kook, FIFA Sound",3,2022,11,20,323358833,115,,1,0.71,0.34,0.88,0.16,0,0.44,0.04,1,,,,,11/20/22
Te Felicito,"Shakira, Rauw Alejandro",2,2022,4,21,606361689,174,F,1,0.7,0.57,0.64,0.23,0,0.08,0.32,1,,,,,4/21/22
Mu√î√∏Œ©√î√∏Œ©,"Steve Aoki, Tini, La Joaqui",3,2023,1,12,120972253,90,A‚ôØ/B‚ô≠,0,0.68,0.83,0.71,0.03,0,0.31,0.08,1,,,,,1/12/23
TV,Billie Eilish,1,2022,7,21,338564981,141,E,0,0.41,0.09,0.25,0.84,0.01,0.14,0.04,1,,,,,7/21/22
Heather,Conan Gray,1,2020,3,20,1301799902,92,F,1,0.47,0.25,0.43,0.62,0,0.32,0.03,1,,,,,3/20/20
"Besharam Rang (From ""Pathaan"")","Vishal-Shekhar, Shilpa Rao, Caralisa Monteiro, Kumaar, Vishal Dadlani, Shekhar Ravjiani",6,2022,12,12,140187018,116,G‚ôØ/A‚ô≠,0,0.77,0.65,0.8,0.06,0,0.15,0.04,1,,,,,12/12/22
Sugar Rush Ride,TOMORROW X TOGETHER,1,2023,1,27,107642809,125,A‚ôØ/B‚ô≠,0,0.71,0.83,0.89,0.01,0,0.17,0.09,1,,,,,1/27/23
Pink Venom,BLACKPINK,1,2022,8,19,551305895,90,,1,0.8,0.71,0.69,0.02,0,0.27,0.1,1,,,,,8/19/22
WAIT FOR U (feat. Drake & Tems),"Drake, Future, Tems",3,2022,4,27,556585270,83,C‚ôØ/D‚ô≠,1,0.46,0.34,0.64,0.31,0,0.07,0.34,1,,,,,4/27/22
Eu Gosto Assim - Ao Vivo,"Gustavo Mioto, Mari Fernandez",2,2022,9,16,222612678,154,,1,0.64,0.61,0.91,0.15,0,0.72,0.04,1,,,,,9/16/22
INDUSTRY BABY (feat. Jack Harlow),"Jack Harlow, Lil Nas X",2,2021,7,23,1814349763,150,D‚ôØ/E‚ô≠,0,0.74,0.89,0.7,0.02,0,0.05,0.06,1,,,,,7/23/21
PUNTO 40,"Baby Rasta, Rauw Alejandro",2,2022,9,22,304079786,107,,1,0.87,0.2,0.83,0,0.04,0.31,0.09,1,,,,,9/22/22
Evoque Prata,"DJ Escobar, MC MENOR SG, MC MENOR HR",3,2022,9,9,174006928,87,G,1,0.87,0.52,0.52,0.31,0,0.28,0.24,1,,,,,9/9/22
How Do I Say Goodbye,Dean Lewis,1,2022,8,5,284785823,82,G‚ôØ/A‚ô≠,1,0.4,0.39,0.64,0.21,0,0.07,0.07,1,,,,,8/5/22
Blind,SZA,1,2022,12,9,163284000,114,A,0,0.46,0.6,0.28,0.91,0,0.21,0.04,1,,,,,12/9/22
Die For You,Joji,1,2022,11,4,246390068,148,G‚ôØ/A‚ô≠,1,0.47,0.15,0.52,0.38,0.13,0.29,0.05,1,,,,,11/4/22
Doja,Central Cee,1,2022,7,20,482257456,140,F‚ôØ/G‚ô≠,1,0.91,0.97,0.57,0.38,0,0.4,0.29,1,,,,,7/20/22
Gatita,Bellakath,1,2022,10,3,168684524,101,G,1,0.9,0.76,0.81,0.15,0.24,0.33,0.06,1,,,,,10/3/22
Rumble,"Skrillex, Flowdan, Fred again..",3,2022,1,17,78489819,140,C‚ôØ/D‚ô≠,0,0.81,0.06,0.84,0.05,0.23,0.06,0.06,1,,,,,1/17/22
Niagara Falls (Foot or 2) [with Travis Scott & 21 Savage],"Travis Scott, 21 Savage, Metro Boomin",3,2022,12,2,195516622,88,G,0,0.49,0.24,0.66,0.19,0,0.18,0.29,1,,,,,12/2/22
Yonaguni,Bad Bunny,1,2021,6,4,1260594497,180,C‚ôØ/D‚ô≠,1,0.64,0.44,0.65,0.28,0,0.14,0.12,1,,,,,6/4/21
Super Freaky Girl,Nicki Minaj,1,2022,8,12,428685680,133,D,1,0.95,0.91,0.89,0.06,0,0.31,0.24,1,,,,,8/12/22
Limbo,Freddie Dredd,1,2022,8,11,199386237,75,B,0,0.8,0.46,0.62,0.03,0.06,0.11,0.46,1,,,,,8/11/22
Where Are You Now,"Lost Frequencies, Calum Scott",2,2021,7,30,972509632,121,F‚ôØ/G‚ô≠,0,0.67,0.26,0.64,0.52,0,0.17,0.1,1,,,,,7/30/21
WORTH NOTHING,"Twisted, Oliver Tree",2,2022,9,28,213438580,140,D,0,0.58,0.17,0.62,0.18,0,0.2,0.08,1,,,,,9/28/22
Bad Habits,Ed Sheeran,1,2020,9,3,1555511105,126,B,0,0.81,0.59,0.9,0.05,0,0.36,0.03,1,,,,,9/3/20
KICK BACK,Kenshi Yonezu,1,2022,10,12,210038833,102,C‚ôØ/D‚ô≠,1,0.58,0.29,0.94,0,0,0.09,0.11,1,,,,,10/12/22
Evergreen (You Didn√î√∏Œ©√î√∏Œ©√î√∏Œ©t Deserve Me A,Omar Apollo,1,2022,4,8,227918678,82,A,1,0.7,0.31,0.34,0.6,0.01,0.11,0.04,1,,,,,4/8/22
Good Days,SZA,1,2020,12,24,826623384,121,C‚ôØ/D‚ô≠,0,0.46,0.53,0.78,0.23,0,0.72,0.06,1,,,,,12/24/20
Levitating (feat. DaBaby),"Dua Lipa, DaBaby",2,2020,3,27,1802514301,103,F‚ôØ/G‚ô≠,0,0.7,0.92,0.83,0.01,0,0.07,0.06,1,,,,,3/27/20
Woman,Doja Cat,1,2021,6,25,1329090101,108,F,0,0.82,0.88,0.76,0.09,0,0.12,0.09,1,,,,,6/25/21
Shut up My Moms Calling - (Sped Up),Hotel Ugly,1,2022,9,14,181831132,85,F,0,0.65,0.36,0.47,0.31,0,0.12,0.1,1,,,,,9/14/22
Ferrari,"James Hype, Miggy Dela Rosa",2,2022,3,14,462791599,125,C‚ôØ/D‚ô≠,0,0.84,0.7,0.69,0.01,0,0.05,0.05,1,,,,,3/14/22
"You're On Your Own, Kid",Taylor Swift,1,2022,10,21,348647203,120,D,1,0.69,0.4,0.39,0.41,0,0.13,0.06,1,,,,,10/21/22
"Kesariya (From ""Brahmastra"")","Pritam, Arijit Singh, Amitabh Bhattacharya",3,2022,7,17,366599607,94,,1,0.58,0.44,0.57,0.57,0,0.1,0.03,1,,,,,7/17/22
Seek & Destroy,SZA,1,2022,12,9,98709329,152,C‚ôØ/D‚ô≠,1,0.65,0.35,0.65,0.44,0.18,0.21,0.07,1,,,,,12/9/22
Love Language,SZA,1,2022,12,9,110849052,65,A,0,0.71,0.55,0.26,0.85,0,0.13,0.08,1,,,,,12/9/22
Used (feat. Don Toliver),"SZA, Don Toliver",2,2022,12,8,94005786,150,A‚ôØ/B‚ô≠,0,0.73,0.71,0.69,0.53,0,0.32,0.09,1,,,,,12/8/22
Ghost in the Machine (feat. Phoebe Bridgers),"SZA, Phoebe Bridgers",2,2022,12,9,110073250,125,F‚ôØ/G‚ô≠,1,0.62,0.59,0.43,0.84,0.03,0.11,0.05,1,,,,,12/9/22
Special,SZA,1,2022,12,9,88092256,76,,1,0.6,0.19,0.2,0.78,0,0.11,0.05,1,,,,,12/9/22
SOS,SZA,1,2022,12,9,73981293,119,G,0,0.51,0.51,0.66,0.67,0,0.09,0.23,1,,,,,12/9/22
Open Arms (feat. Travis Scott),"SZA, Travis Scott",2,2022,12,8,155653938,78,A,1,0.67,0.22,0.59,0.76,0.01,0.15,0.16,1,,,,,12/8/22
Gone Girl,SZA,1,2022,12,9,65362788,150,F,1,0.43,0.42,0.44,0.57,0,0.15,0.06,1,,,,,12/9/22
F2F,SZA,1,2022,12,9,67540165,90,D,1,0.53,0.47,0.74,0.09,0,0.34,0.04,1,,,,,12/9/22
Notice Me,SZA,1,2022,12,9,62019074,160,F,1,0.72,0.78,0.68,0.28,0,0.11,0.12,1,,,,,12/9/22
Antidepresan,"Mabel Matiz, Mert Demir",2,2022,11,4,136689549,100,B,0,0.7,0.92,0.59,0.03,0,0.1,0.03,1,,,,,11/4/22
Wild Flower (with youjeen),RM,1,2022,12,2,135611421,155,G‚ôØ/A‚ô≠,1,0.49,0.42,0.77,0.03,0,0.12,0.09,1,,,,,12/2/22
I Hate U,SZA,1,2021,12,3,356709897,107,G,0,0.54,0.41,0.39,0.51,0,0.11,0.16,1,,,,,12/3/21
Raindrops (Insane) [with Travis Scott],"Travis Scott, Metro Boomin",2,2022,12,2,110649992,112,G‚ôØ/A‚ô≠,1,0.8,0.15,0.54,0.09,0,0.38,0.05,1,,,,,12/2/22
SPIT IN MY FACE!,ThxSoMch,1,2022,10,31,301869854,166,C‚ôØ/D‚ô≠,1,0.7,0.57,0.57,0.09,0.2,0.11,0.07,1,,,,,10/31/22
Smoking on my Ex Pack,SZA,1,2022,12,9,57144458,81,G‚ôØ/A‚ô≠,1,0.47,0.33,0.68,0.24,0,0.22,0.38,1,,,,,12/9/22
Conceited,SZA,1,2022,12,9,56870689,150,C‚ôØ/D‚ô≠,1,0.79,0.77,0.46,0.05,0,0.11,0.07,1,,,,,12/9/22
Snow On The Beach (feat. Lana Del Rey),"Taylor Swift, Lana Del Rey",2,2022,10,21,323437194,110,A,1,0.66,0.19,0.32,0.69,0,0.12,0.04,1,,,,,10/21/22
Maroon,Taylor Swift,1,2022,10,21,317726339,108,G,1,0.64,0.04,0.4,0.06,0,0.1,0.06,1,,,,,10/21/22
Tubar√î√∏Œ©√î√∏Œ©o Te,"Dj LK da Esc√î√∏Œ©√î√∏Œ©cia, Tchakabum, mc jhenny, M",4,2022,9,28,116144341,130,E,0,0.89,0.48,0.74,0.3,0,0.07,0.36,1,,,,,9/28/22
Bejeweled,Taylor Swift,1,2022,10,21,328207708,164,G,1,0.7,0.39,0.56,0.06,0,0.09,0.07,1,,,,,10/21/22
Tarot,"Bad Bunny, Jhay Cortez",2,2022,5,6,608228647,114,B,0,0.8,0.42,0.68,0.02,0,0.66,0.04,1,,,,,5/6/22
Desesperados,"Chencho Corleone, Rauw Alejandro",2,2021,6,25,809306935,90,C‚ôØ/D‚ô≠,0,0.87,0.51,0.69,0.36,0,0.09,0.08,1,,,,,6/25/21
Too Late,SZA,1,2022,12,8,49262961,128,B,1,0.45,0.35,0.68,0.78,0,0.39,0.08,1,,,,,12/8/22
Party,"Bad Bunny, Rauw Alejandro",2,2022,5,6,614555082,97,A,1,0.83,0.47,0.8,0.02,0,0.24,0.09,1,,,,,5/6/22
Far,SZA,1,2022,12,9,51641685,116,D,1,0.61,0.48,0.55,0.67,0,0.16,0.08,1,,,,,12/9/22
On Time (with John Legend),"John Legend, Metro Boomin",2,2022,12,2,78139948,80,F,0,0.33,0.51,0.59,0.76,0,0.44,0.06,1,,,,,12/2/22
GAT√î√∏Œ©√î√∏Œ©,"Maldy, Karol G",2,2022,8,25,322336177,93,B,0,0.63,0.34,0.86,0.26,0,0.21,0.39,1,,,,,8/25/22
ÀùÀùÀùabcdefu,Gayle,1,2021,8,13,1007612429,122,E,1,0.7,0.42,0.54,0.3,0,0.37,0.05,1,,,,,8/13/21
Sacrifice,The Weeknd,1,2022,1,7,326792833,122,G,1,0.7,0.91,0.79,0.03,0,0.07,0.1,1,,,,,1/7/22
Is There Someone Else?,The Weeknd,1,2022,1,7,391251368,135,A,0,0.7,0.6,0.58,0.04,0,0.16,0.03,1,,,,,1/7/22
Fingers Crossed,"Lauren Spencer Smith, Lauren Spencer Smith, Lauren Spencer Smith",3,2022,1,5,349585590,109,F,1,0.6,0.45,0.47,0.62,0,0.31,0.05,1,,,,,1/5/22
Out of Time,The Weeknd,1,2022,1,7,339659802,93,,0,0.65,0.82,0.74,0.27,0,0.32,0.05,1,,,,,1/7/22
Do It To It,"Cherish, ACRAZE",2,2021,8,20,674772936,125,B,0,0.85,0.64,0.81,0.02,0.05,0.07,0.09,1,,,,,8/20/21
We Don't Talk About Bruno,"Adassa, Mauro Castillo, Stephanie Beatriz, Encanto - Cast, Rhenzy Feliz, Diane Guerrero, Carolina Gaitan",7,2021,11,19,432719968,206,,0,0.58,0.83,0.45,0.36,0,0.11,0.08,1,,,,,11/19/21
Pepas,Farruko,1,2021,6,24,1309887447,130,G,1,0.76,0.44,0.77,0.01,0,0.13,0.03,1,,,,,6/24/21
How Do I Make You Love Me?,The Weeknd,1,2022,1,7,119238316,121,G,0,0.8,0.62,0.51,0.02,0,0.09,0.08,1,,,,,1/7/22
Gasoline,The Weeknd,1,2022,1,7,116903579,123,F‚ôØ/G‚ô≠,0,0.74,0.35,0.73,0,0,0.21,0.05,1,,,,,1/7/22
Less Than Zero,The Weeknd,1,2022,1,7,200660871,143,,1,0.53,0.5,0.79,0,0,0.08,0.03,1,,,,,1/7/22
Take My Breath,The Weeknd,1,2021,8,6,130655803,121,A‚ôØ/B‚ô≠,0,0.7,0.35,0.77,0.01,0,0.26,0.04,1,,,,,8/6/21
good 4 u,Olivia Rodrigo,1,2021,5,14,1887039593,166,F‚ôØ/G‚ô≠,0,0.56,0.68,0.66,0.28,0,0.11,0.18,1,,,,,5/14/21
"Here We Go√î√∏Œ©√î√∏Œ©√î√∏Œ© Again (feat. Tyler, the Cr","The Weeknd, Tyler, The Creator",3,2022,1,7,88103848,135,C‚ôØ/D‚ô≠,1,0.41,0.27,0.64,0.36,0,0.6,0.03,1,,,,,1/7/22
Best Friends,The Weeknd,1,2022,1,7,101114984,87,E,0,0.49,0.49,0.59,0.44,0,0.35,0.21,1,,,,,1/7/22
Kiss Me More (feat. SZA),"SZA, Doja Cat",2,2021,4,9,1575467011,111,G‚ôØ/A‚ô≠,1,0.77,0.74,0.66,0.3,0,0.13,0.03,1,,,,,4/9/21
I Heard You're Married (feat. Lil Wayne),"The Weeknd, Lil Wayne",2,2022,1,7,91656026,110,D,1,0.75,0.85,0.84,0.1,0,0.31,0.19,1,,,,,1/7/22
Need To Know,Doja Cat,1,2021,6,11,1042568408,130,C‚ôØ/D‚ô≠,1,0.66,0.19,0.61,0.3,0,0.09,0.07,1,,,,,6/11/21
MONTERO (Call Me By Your Name),Lil Nas X,1,2020,9,18,1735441776,179,G‚ôØ/A‚ô≠,0,0.61,0.76,0.51,0.3,0,0.38,0.15,1,,,,,9/18/20
Dawn FM,The Weeknd,1,2022,1,7,53933526,78,A,0,0.27,0.1,0.49,0.62,0,0.49,0.05,1,,,,,1/7/22
Surface Pressure,Jessica Darrow,1,2021,11,19,267758538,180,D,1,0.65,0.37,0.58,0.02,0,0.04,0.31,1,,,,,11/19/21
Starry Eyes,The Weeknd,1,2022,1,7,74601456,86,A,0,0.28,0.13,0.41,0.5,0,0.19,0.03,1,,,,,1/7/22
THATS WHAT I WANT,Lil Nas X,1,2021,9,17,920797189,88,C‚ôØ/D‚ô≠,0,0.74,0.55,0.85,0.01,0,0.05,0.22,1,,,,,9/17/21
One Right Now (with The Weeknd),"The Weeknd, Post Malone",2,2021,11,5,539595276,97,C‚ôØ/D‚ô≠,1,0.68,0.72,0.78,0.04,0,0.07,0.05,1,,,,,11/5/21
Mon Amour - Remix,"Aitana, zzoilo",2,2020,9,21,578207856,116,D,1,0.75,0.36,0.76,0.12,0,0.1,0.1,1,,,,,9/21/20
Lo Siento BB:/ (with Bad Bunny & Julieta Venegas),"Julieta Venegas, Bad Bunny, Tainy",3,2021,10,5,775542072,170,E,0,0.64,0.14,0.7,0.09,0,0.09,0.08,1,,,,,10/5/21
MONEY,Lisa,1,2021,9,10,863625566,140,C‚ôØ/D‚ô≠,0,0.83,0.4,0.55,0.16,0,0.14,0.23,1,,,,,9/10/21
The Motto,"Ti√î√∏Œ©√î√∏Œ©sto, Ava",2,2021,11,4,656013912,118,G,0,0.75,0.46,0.76,0.03,0,0.09,0.04,1,,,,,11/4/21
Happier Than Ever,Billie Eilish,1,2021,7,30,1056760045,65,,1,0.31,0.31,0.24,0.76,0,0.14,0.04,1,,,,,7/30/21
Moth To A Flame (with The Weeknd),"The Weeknd, Swedish House Mafia",2,2021,10,22,611994237,120,,0,0.56,0.16,0.67,0,0,0.11,0.04,1,,,,,10/22/21
traitor,"Juan Cruz Toledo, Huilen Toledo",2,2021,5,21,1230855859,176,D‚ôØ/E‚ô≠,1,0.29,0.12,0.33,0.68,0,0.12,0.05,1,,,,,5/21/21
Toxic,BoyWithUke,1,2021,9,10,582981380,180,G‚ôØ/A‚ô≠,0,0.59,0.69,0.61,0.84,0,0.46,0.36,1,,,,,9/10/21
drivers license,Olivia Rodrigo,1,2021,1,8,1858144199,144,A‚ôØ/B‚ô≠,1,0.59,0.21,0.43,0.76,0,0.1,0.07,1,,,,,1/8/21
Malvad√î√∏Œ©√î√∏,"Xam√î√∏Œ©√î√∏Œ©, Gustah, Neo B",3,2021,11,30,240684449,133,F‚ôØ/G‚ô≠,0,0.82,0.52,0.61,0.38,0,0.14,0.27,1,,,,,11/30/21
All Too Well (10 Minute Version) (Taylor's Version) (From The Vault),Taylor Swift,1,2021,11,12,583687007,93,,1,0.63,0.21,0.52,0.28,0,0.09,0.03,1,,,,,11/12/21
Don√î√∏Œ©√î√∏Œ©√î√∏Œ©t Break My,The Weeknd,1,2022,1,7,63803529,122,A‚ôØ/B‚ô≠,1,0.77,0.25,0.62,0.34,0,0.23,0.03,1,,,,,1/7/22
Oh My God,Adele,1,2021,11,19,466214729,88,C‚ôØ/D‚ô≠,1,0.53,0.55,0.73,0.09,0,0.03,0.05,1,,,,,11/19/21
Entre Nosotros (Remix) [con Nicki Nicole],"Lit Killah, Maria Becerra, Tiago pzk, NICKI NICOLE",4,2022,1,5,236940480,170,F,0,0.7,0.61,0.44,0.4,0,0.37,0.04,1,,,,,1/5/22
A Tale By Quincy,The Weeknd,1,2022,1,7,41924466,94,F,0,0.46,0.55,0.5,0.71,0,0.1,0.11,1,,,,,1/7/22
I AM WOMAN,Emmy Meli,1,2021,11,18,225259194,170,A‚ôØ/B‚ô≠,1,0.65,0.46,0.47,0.12,0,0.13,0.16,1,,,,,11/18/21
Medallo,"Justin Quiles, Lenny Tav√î√∏Œ©√î√∏Œ©rez, BL",3,2021,10,27,393230256,90,E,0,0.79,0.79,0.7,0.57,0,0.66,0.08,1,,,,,10/27/21
It'll Be Okay,Shawn Mendes,1,2021,12,1,287201015,78,G,1,0.4,0.07,0.29,0.62,0,0.09,0.03,1,,,,,12/1/21
Super Gremlin,Kodak Black,1,2021,10,30,342779426,73,D,1,0.83,0.11,0.41,0,0,0.36,0.14,1,,,,,10/30/21
Volv√î√∏,"Aventura, Bad Bunny",2,2021,8,3,673801126,176,C‚ôØ/D‚ô≠,1,0.73,0.79,0.86,0.42,0,0.07,0.18,1,,,,,8/3/21
Todo De Ti,Rauw Alejandro,1,2020,11,2,1168642797,128,D‚ôØ/E‚ô≠,0,0.81,0.57,0.63,0.4,0.01,0.1,0.04,1,,,,,11/2/20
Smokin Out The Window,"Bruno Mars, Anderson .Paak, Silk Sonic",3,2021,11,5,383550148,82,D,1,0.63,0.85,0.62,0.06,0,0.35,0.04,1,,,,,11/5/21
Meet Me At Our Spot,"THE ANXIETY, Willow, Tyler Cole",3,2020,3,13,530511203,95,D,1,0.77,0.4,0.47,0.02,0,0.09,0.03,1,,,,,3/13/20
Every Angel is Terrifying,The Weeknd,1,2022,1,7,37307967,118,,1,0.44,0.52,0.94,0.11,0,0.04,0.29,1,,,,,1/7/22
Tacones Rojos,Sebastian Yatra,1,2021,10,22,510876816,123,B,0,0.75,0.93,0.86,0.08,0,0.14,0.03,1,,,,,10/22/21
Peaches (feat. Daniel Caesar & Giveon),"Justin Bieber, Daniel Caesar, Giveon",3,2021,3,19,1445941661,90,,1,0.63,0.49,0.68,0.38,0,0.42,0.18,1,,,,,3/19/21
Dakiti,"Bad Bunny, Jhay Cortez",2,2020,10,30,1763363713,110,E,0,0.73,0.14,0.57,0.4,0,0.11,0.05,1,,,,,10/30/20
"Tiago PZK: Bzrp Music Sessions, Vol. 48","Bizarrap, Tiago pzk",2,2021,12,29,374191487,96,C‚ôØ/D‚ô≠,0,0.66,0.76,0.82,0.47,0,0.1,0.32,1,,,,,12/29/21
L√î√∏Œ©√î√∏Œ©√î√∏,Stromae,1,2022,1,9,108809090,88,D,0,0.56,0.58,0.55,0.35,0,0.23,0.11,1,,,,,1/9/22
Nost√î√∏Œ©√î√∏Œ©l,"Chris Brown, Rvssian, Rauw Alejandro",3,2021,9,8,436695353,98,A,0,0.73,0.6,0.85,0.17,0,0.24,0.05,1,,,,,9/8/21
Better Days (NEIKED x Mae Muller x Polo G),"NEIKED, Mae Muller, Polo G",3,2021,9,24,421040617,110,,0,0.72,0.67,0.68,0,0,0.14,0.04,1,,,,,9/24/21
Life Goes On,Oliver Tree,1,2020,7,17,501541661,80,,1,0.7,0.57,0.49,0.19,0,0.12,0.08,1,,,,,7/17/20
Sad Girlz Luv Money Remix (feat. Kali Uchis),"Kali Uchis, Amaarae, Moliy",3,2021,9,16,354065229,110,C‚ôØ/D‚ô≠,0,0.86,0.31,0.53,0.43,0,0.11,0.06,1,,,,,9/16/21
Butter,BTS,1,2021,5,21,1143647827,110,G‚ôØ/A‚ô≠,1,0.79,0.7,0.36,0,0,0.06,0.11,1,,,,,5/21/21
pushin P (feat. Young Thug),"Young Thug, Future, Gunna",3,2022,1,7,311395144,78,C‚ôØ/D‚ô≠,0,0.77,0.49,0.42,0.01,0.01,0.13,0.19,1,,,,,1/7/22
You Right,"Doja Cat, The Weeknd",2,2021,6,24,672656250,129,G‚ôØ/A‚ô≠,1,0.83,0.44,0.62,0.02,0,0.08,0.06,1,,,,,6/24/21
deja vu,Olivia Rodrigo,1,2021,4,1,1256880657,181,A,1,0.44,0.22,0.6,0.61,0,0.42,0.09,1,,,,,4/1/21
Dynamite,BTS,1,2020,8,21,1692897992,114,F‚ôØ/G‚ô≠,0,0.75,0.74,0.77,0.01,0,0.09,0.1,1,,,,,8/21/20
TO THE MOON,Jnr Choi,1,2021,11,5,245095641,144,D,1,0.74,0.39,0.65,0.05,0.01,0.11,0.35,1,,,,,11/5/21
Salimo de Noche,"Trueno, Tiago pzk",2,2021,10,21,261414174,84,D,1,0.67,0.78,0.63,0.29,0,0.12,0.05,1,,,,,10/21/21
Volando - Remix,"Sech, Bad Bunny, Mora",3,2021,7,8,610045621,154,F‚ôØ/G‚ô≠,1,0.66,0.63,0.69,0.21,0,0.11,0.07,1,,,,,7/8/21
Leave The Door Open,"Bruno Mars, Anderson .Paak, Silk Sonic",3,2021,3,5,1115880852,148,F,1,0.59,0.72,0.62,0.18,0,0.09,0.03,1,,,,,3/5/21
Knife Talk (with 21 Savage ft. Project Pat),"Drake, Project Pat, 21 Savage",3,2021,9,3,594482982,146,F,0,0.85,0.22,0.37,0.13,0,0.07,0.3,1,,,,,9/3/21
Don't Be Shy,"Ti√î√∏Œ©√î√∏Œ©sto, Kar",2,2021,8,1,566954746,120,B,0,0.77,0.51,0.79,0.2,0,0.26,0.06,1,,,,,8/1/21
LA FAMA (with The Weeknd),"The Weeknd, ROSAL√î√∏Œ©",2,2021,11,11,374706940,136,,0,0.77,0.82,0.3,0.95,0,0.13,0.05,1,,,,,11/11/21
The Family Madrigal,"Olga Merediz, Stephanie Beatriz, Encanto - Cast",3,2021,11,19,184937148,141,C‚ôØ/D‚ô≠,1,0.59,0.56,0.63,0.12,0,0.06,0.36,1,,,,,11/19/21
Phantom Regret by Jim,The Weeknd,1,2022,1,7,31959571,108,A,0,0.46,0.23,0.48,0.75,0.3,0.14,0.04,1,,,,,1/7/22
Dos Oruguitas,Sebastian Yatra,1,2021,11,19,167076418,94,,1,0.42,0.47,0.36,0.76,0,0.09,0.05,1,,,,,11/19/21
Acapulco,Jason Derulo,1,2021,9,1,363467642,122,A‚ôØ/B‚ô≠,1,0.77,0.51,0.79,0.05,0,0.16,0.05,1,,,,,9/1/21
thought i was playing,"21 Savage, Gunna",2,2022,1,7,60680939,148,C‚ôØ/D‚ô≠,1,0.68,0.29,0.73,0,0,0.07,0.07,1,,,,,1/7/22
ELEVEN,IVE,1,2021,12,1,247737946,120,A,1,0.83,0.59,0.73,0.06,0,0.05,0.11,1,,,,,12/1/21
Mood (feat. Iann Dior),"24kgoldn, Iann Dior",2,2020,7,24,1699402402,91,G,0,0.7,0.76,0.72,0.22,0,0.27,0.04,1,,,,,7/24/20
What Else Can I Do?,"Stephanie Beatriz, Diane Guerrero",2,2021,11,19,154797871,120,E,1,0.72,0.54,0.71,0.26,0,0.1,0.04,1,,,,,11/19/21
DANCE CRIP,Trueno,1,2021,11,17,198883004,106,,1,0.86,0.86,0.79,0.11,0,0.08,0.09,1,,,,,11/17/21
Miserable Man,David Kushner,1,2022,1,7,124407432,110,A‚ôØ/B‚ô≠,1,0.63,0.31,0.35,0.93,0,0.29,0.03,1,,,,,1/7/22
happier,Olivia Rodrigo,1,2021,5,21,850608354,169,F‚ôØ/G‚ô≠,1,0.39,0.36,0.45,0.81,0,0.08,0.13,1,,,,,5/21/21
Praise God,Kanye West,1,2021,8,29,376333030,118,C‚ôØ/D‚ô≠,1,0.8,0.21,0.55,0.01,0,0.26,0.17,1,,,,,8/29/21
Get Into It (Yuh),Doja Cat,1,2021,6,25,516784627,92,G‚ôØ/A‚ô≠,0,0.91,0.79,0.66,0.32,0,0.09,0.16,1,,,,,6/25/21
Sky,Playboi Carti,1,2020,12,25,506778838,140,D,1,0.79,0.56,0.91,0.26,0,0.13,0.21,1,,,,,12/25/20
Sobrio,Maluma,1,2021,7,8,513643924,178,F,1,0.76,0.63,0.77,0.14,0,0.15,0.22,1,,,,,7/8/21
Peru,"Ed Sheeran, Fireboy DML",2,2021,12,23,261286503,108,G,0,0.96,0.71,0.42,0.57,0,0.08,0.09,1,,,,,12/23/21
favorite crime,Olivia Rodrigo,1,2021,5,21,783706581,173,A,1,0.4,0.19,0.29,0.86,0,0.34,0.04,1,,,,,5/21/21
Thunder,"Prezioso, Gabry Ponte, LUM!X",3,2021,5,7,422691058,101,C‚ôØ/D‚ô≠,1,0.67,0.4,0.9,0.03,0,0.34,0.06,1,,,,,5/7/21
positions,Ariana Grande,1,2020,10,23,1252563873,144,,1,0.73,0.66,0.8,0.44,0,0.09,0.12,1,,,,,10/23/20
I WANNA BE YOUR SLAVE,M√î√∏Œ©√î√∏Œ©ne,1,2021,3,19,851070493,133,C‚ôØ/D‚ô≠,1,0.75,0.96,0.61,0,0,0.18,0.04,1,,,,,3/19/21
Vai L√î√∏Œ©√î√∏Œ© Em Casa ,"Mar√î√∏Œ©√î√∏Œ©lia Mendon√î√∏Œ©√î√∏Œ©a, George Henrique &",2,2021,10,22,263894529,158,G‚ôØ/A‚ô≠,0,0.46,0.62,0.83,0.53,0,0.97,0.28,1,,,,,10/22/21
The Feels,TWICE,1,2021,10,1,345903614,120,A,1,0.81,0.92,0.9,0.09,0,0.08,0.07,1,,,,,10/1/21
HEARTBREAK ANNIVERSARY,Giveon,1,2020,2,21,951637566,129,,1,0.61,0.59,0.46,0.56,0,0.13,0.05,1,,,,,2/21/20
OUT OUT (feat. Charli XCX & Saweetie),"Charli XCX, Jax Jones, Joel Corry, Saweetie",4,2021,8,13,427486004,124,G‚ôØ/A‚ô≠,0,0.79,0.79,0.84,0.02,0,0.05,0.05,1,,,,,8/13/21
2055,Sleepy hallow,1,2021,4,14,624515457,161,F‚ôØ/G‚ô≠,0,0.78,0.65,0.52,0.46,0,0.12,0.31,1,,,,,4/14/21
Happier Than Ever - Edit,Billie Eilish,1,2021,7,28,412795151,81,,1,0.45,0.12,0.57,0.07,0,0.23,0.03,1,,,,,7/28/21
Ley Seca,"Anuel Aa, Jhay Cortez",2,2021,9,2,355219175,105,G‚ôØ/A‚ô≠,1,0.76,0.58,0.84,0.1,0,0.13,0.1,1,,,,,9/2/21
Every Summertime,NIKI,1,2021,8,10,290228626,79,F‚ôØ/G‚ô≠,1,0.63,0.76,0.67,0.38,0,0.06,0.04,1,,,,,8/10/21
you broke me first,Tate McRae,1,2020,4,17,1180094974,124,E,1,0.64,0.08,0.37,0.79,0,0.09,0.05,1,,,,,4/17/20
Take My Breath,The Weeknd,1,2021,8,6,432702334,121,G‚ôØ/A‚ô≠,1,0.75,0.53,0.74,0.02,0,0.11,0.05,1,,,,,8/6/21
Way 2 Sexy (with Future & Young Thug),"Drake, Future, Young Thug",3,2021,9,3,489945871,136,B,0,0.8,0.33,0.6,0,0,0.32,0.14,1,,,,,9/3/21
C√î√∏Œ©√î√∏Œ©,Rauw Alejandro,1,2021,6,25,465959382,102,A,0,0.77,0.26,0.63,0.58,0,0.11,0.05,1,,,,,6/25/21
Enemy - from the series Arcane League of Legends,"Imagine Dragons, League of Legends, Arcane",3,2021,10,27,1223481149,77,G,1,0.73,0.54,0.74,0.23,0,0.41,0.23,1,,,,,10/27/21
Qu√î√∏Œ©√î√∏Œ© M√î√∏Œ©√î√∏,"J Balvin, Maria Becerra",2,2021,1,28,720825549,102,G‚ôØ/A‚ô≠,1,0.89,0.77,0.82,0.03,0,0.17,0.11,1,,,,,1/28/21
Fair Trade (with Travis Scott),"Drake, Travis Scott",2,2021,9,3,593917618,168,C‚ôØ/D‚ô≠,1,0.67,0.29,0.47,0.05,0,0.22,0.26,1,,,,,9/3/21
Bar,"Tini, L-Gante",2,2021,11,11,200972675,94,C‚ôØ/D‚ô≠,1,0.52,0.68,0.69,0.13,0,0.33,0.08,1,,,,,11/11/21
The Rumbling (TV Size),SiM,1,2022,1,10,71014967,145,G‚ôØ/A‚ô≠,1,0.41,0.65,0.88,0,0,0.26,0.05,1,,,,,1/10/22
family ties (with Kendrick Lamar),"Kendrick Lamar, Baby Keem",2,2021,8,27,560222750,134,C‚ôØ/D‚ô≠,1,0.71,0.14,0.61,0.01,0,0.23,0.33,1,,,,,8/27/21
Blessed-Cursed,ENHYPEN,1,2022,1,10,77337771,127,E,0,0.6,0.4,0.89,0.09,0,0.6,0.06,1,,,,,1/10/22
AM Remix,"J Balvin, Nio Garcia, Bad Bunny",3,2021,6,24,528544703,172,F‚ôØ/G‚ô≠,0,0.74,0.79,0.66,0.11,0,0.08,0.16,1,,,,,6/24/21
Polaroid Love,ENHYPEN,1,2022,1,10,211372494,138,G,0,0.74,0.65,0.67,0.46,0,0.36,0.04,1,,,,,1/10/22
Leave Before You Love Me (with Jonas Brothers),"Marshmello, Jonas Brothers",2,2021,4,28,651732901,120,G,1,0.72,0.67,0.72,0,0,0.13,0.04,1,,,,,4/28/21
Permission to Dance,BTS,1,2021,7,9,608334048,125,A,1,0.7,0.65,0.74,0.01,0,0.34,0.04,1,,,,,7/9/21
Friday (feat. Mufasa & Hypeman) - Dopamine Re-Edit,"Riton, Nightcrawlers, Mufasa & Hypeman, Dopamine",4,2021,1,15,863756573,123,D,1,0.82,0.8,0.86,0.01,0,0.3,0.13,1,,,,,1/15/21
RAPSTAR,Polo G,1,2021,4,9,797402345,81,F‚ôØ/G‚ô≠,1,0.79,0.44,0.54,0.41,0,0.13,0.24,1,,,,,4/9/21
Se Le Ve,"Arcangel, De La Ghetto, Justin Quiles, Lenny Tav√î√∏Œ©√î√∏Œ©rez, Sech, Dalex, Dimelo Flow, Rich Music",8,2021,8,12,223319934,84,G,0,0.56,0.61,0.76,0.1,0,0.14,0.11,1,,,,,8/12/21
25k jacket (feat. Lil Baby),"Gunna, Lil Baby",2,2022,1,7,54937991,115,F,0,0.9,0.74,0.54,0.16,0,0.13,0.28,1,,,,,1/7/22
When I√î√∏Œ©√î√∏Œ©√î√∏Œ©m Gone (with Katy ,"Katy Perry, Alesso",2,2021,12,29,226897599,125,,1,0.69,0.7,0.89,0.04,0,0.49,0.03,1,,,,,12/29/21
Esque√î√∏Œ©√î√∏Œ©a-Me Se For C,"Mar√î√∏Œ©√î√∏Œ©lia Mendon√î√∏Œ©√î√∏Œ©a, Maiara &",2,2021,10,14,258316038,122,F‚ôØ/G‚ô≠,0,0.8,0.62,0.69,0.28,0,0.13,0.07,1,,,,,10/14/21
Mi√î√∏Œ©√î√∏Œ©n,"Tini, Maria Becerra",2,2021,4,29,596152090,92,D,1,0.85,0.92,0.54,0.16,0,0.29,0.07,1,,,,,4/29/21
S√î√∏Œ©√î√∏Œ©,"Anuel Aa, Myke Towers, Jhay Cortez",3,2021,11,18,177129919,90,F‚ôØ/G‚ô≠,0,0.63,0.75,0.75,0.17,0,0.11,0.08,1,,,,,11/18/21
MAMIII,"Karol G, Becky G",2,2022,2,10,716591492,94,E,0,0.84,0.9,0.7,0.09,0,0.14,0.08,1,,,,,2/10/22
Stay Alive (Prod. SUGA of BTS),Jung Kook,1,2022,2,11,246376690,130,D,0,0.51,0.5,0.76,0.3,0,0.1,0.07,1,,,,,2/11/22
Boyfriend,Dove Cameron,1,2022,2,11,496311364,180,G,0,0.35,0.23,0.61,0.23,0,0.19,0.06,1,,,,,2/11/22
The Joker And The Queen (feat. Taylor Swift),"Ed Sheeran, Taylor Swift",2,2022,2,11,146789379,134,,1,0.53,0.31,0.31,0.92,0,0.28,0.03,1,,,,,2/11/22
Light Switch,Charlie Puth,1,2022,1,19,500340342,184,F‚ôØ/G‚ô≠,1,0.69,0.91,0.63,0.11,0,0.09,0.31,1,,,,,1/19/22
City of Gods,"Kanye West, Alicia Keys, Fivio Foreign",3,2022,2,11,107255472,147,G‚ôØ/A‚ô≠,0,0.47,0.5,0.8,0.1,0,0.32,0.38,1,,,,,2/11/22
Brividi,"Mahmood, Blanco",2,2022,2,2,135079152,123,G,1,0.52,0.44,0.6,0.4,0,0.26,0.03,1,,,,,2/2/22
she's all i wanna be,Tate McRae,1,2022,2,4,343197054,160,D,0,0.61,0.65,0.64,0.01,0,0.12,0.04,1,,,,,2/4/22
Excuses,"Intense, AP Dhillon, Gurinder Gill",3,2020,7,24,327498031,95,F,0,0.84,0.49,0.72,0.08,0,0.15,0.08,1,,,,,7/24/20
Cigarettes,Juice WRLD,1,2021,12,10,185408548,160,D,1,0.6,0.47,0.62,0.03,0,0.38,0.04,1,,,,,12/10/21
"Cay√î√∏Œ©√î√∏Œ© La Noche (feat. Cruz Cafun√î√∏Œ©√î√∏Œ©, Abhir Hathi, Bejo, EL IMA)","Quevedo, La Pantera, Juseph, Cruz Cafun√î√∏Œ©√î√∏Œ©, B√î√∏Œ©√î√∏Œ©jo, Abhir Hathi",7,2022,1,14,245400167,174,F,0,0.67,0.74,0.75,0.44,0,0.07,0.3,1,,,,,1/14/22
Down Under (feat. Colin Hay),"Luude, Colin Hay",2,2021,11,19,252871192,172,B,0,0.31,0.04,0.86,0.01,0,0.28,0.17,1,,,,,11/19/21
Mujeriego,Ryan Castro,1,2021,12,17,231996128,80,A,1,0.76,0.92,0.62,0.06,0,0.08,0.13,1,,,,,12/17/21
A Tu Merced,Bad Bunny,1,2020,2,29,685071800,92,,1,0.86,0.89,0.79,0.17,0,0.11,0.06,1,,,,,2/29/20
Numb Little Bug,Em Beihold,1,2022,1,28,258714692,85,G‚ôØ/A‚ô≠,0,0.74,0.61,0.52,0.3,0,0.26,0.09,1,,,,,1/28/22
212,"Mainstreet, Chefin",2,2022,1,15,143139338,154,D,0,0.79,0.86,0.52,0.66,0,0.09,0.07,1,,,,,1/15/22
Problem√î√∏Œ©,"Alvaro Diaz, Rauw Alejandro",2,2021,10,22,209768491,92,D,0,0.73,0.37,0.74,0.28,0,0.14,0.06,1,,,,,10/22/21
Bussin,"Nicki Minaj, Lil Baby",2,2022,2,11,64714573,140,B,1,0.89,0.75,0.7,0.06,0,0.13,0.05,1,,,,,2/11/22
Worst Day,Future,1,2022,2,11,50746620,89,C‚ôØ/D‚ô≠,1,0.65,0.6,0.6,0.11,0,0.1,0.4,1,,,,,2/11/22
Malvada,Z√î√∏Œ©√î√∏Œ© Fe,1,2022,1,28,154119539,135,F,0,0.89,0.89,0.86,0.16,0,0.08,0.05,1,,,,,1/28/22
Hrs and Hrs,Muni Long,1,2021,11,19,181328253,140,G‚ôØ/A‚ô≠,0,0.51,0.66,0.53,0.6,0,0.11,0.18,1,,,,,11/19/21
Christmas Tree,V,1,2021,12,24,317622165,139,F,1,0.44,0.18,0.38,0.7,0,0.12,0.04,1,,,,,12/24/21
Mal Feito - Ao Vivo,"Mar√î√∏Œ©√î√∏Œ©lia Mendon√î√∏Œ©√î√∏Œ©a, Hugo & G",2,2022,1,14,291709698,124,,0,0.73,0.68,0.83,0.55,0,0.9,0.07,1,,,,,1/14/22
Do We Have A Problem?,"Nicki Minaj, Lil Baby",2,2022,2,4,81350745,120,C‚ôØ/D‚ô≠,0,0.84,0.54,0.51,0.47,0,0.12,0.4,1,,,,,2/4/22
Gospel (with Eminem),"Eminem, Dr. Dre",2,2022,2,4,64787943,117,C‚ôØ/D‚ô≠,1,0.92,0.62,0.86,0.11,0,0.24,0.24,1,,,,,2/4/22
La Santa,"Daddy Yankee, Bad Bunny",2,2020,2,29,759208783,93,C‚ôØ/D‚ô≠,1,0.74,0.59,0.87,0.03,0,0.08,0.05,1,,,,,2/29/20
Sweetest Pie,"Dua Lipa, Megan Thee Stallion",2,2022,3,11,299634472,124,G,1,0.81,0.68,0.63,0.17,0,0.1,0.22,1,,,,,3/11/22
Bam Bam (feat. Ed Sheeran),"Camila Cabello, Ed Sheeran",2,2022,3,4,756907987,95,G‚ôØ/A‚ô≠,1,0.76,0.96,0.7,0.18,0,0.33,0.04,1,,,,,3/4/22
Una Noche en Medell√î√∏Œ©,Cris Mj,1,2022,1,21,682475162,96,A‚ôØ/B‚ô≠,0,0.87,0.82,0.53,0.1,0,0.05,0.08,1,,,,,1/21/22
Envolver,Anitta,1,2021,11,11,546191065,92,E,0,0.81,0.4,0.73,0.15,0,0.09,0.08,1,,,,,11/11/21
Starlight,Dave,1,2022,3,3,229473310,124,G,1,0.95,0.36,0.37,0.35,0,0.1,0.28,1,,,,,3/3/22
Hati-Hati di Jalan,Tulus,1,2022,3,3,202677468,72,F‚ôØ/G‚ô≠,1,0.64,0.76,0.44,0.7,0.09,0.12,0.04,1,,,,,3/3/22
"I'm Tired - From ""Euphoria"" An Original HBO Series",Labrinth,1,2022,2,4,121913181,71,,0,0.28,0.26,0.2,0.19,0,0.3,0.03,1,,,,,2/4/22
DAN√î√∏Œ©√î√∏Œ©A,"Mc Pedrinho, Pedro Sampaio",2,2022,2,1,208166039,135,A,0,0.78,0.55,0.57,0.04,0,0.1,0.08,1,,,,,2/1/22
"Residente: Bzrp Music Sessions, Vol. 49","Residente, Bizarrap",2,2022,3,3,94616487,71,C‚ôØ/D‚ô≠,0,0.59,0.7,0.74,0.56,0,0.11,0.4,1,,,,,3/3/22
Jordan,Ryan Castro,1,2021,4,30,394030335,180,A‚ôØ/B‚ô≠,0,0.8,0.71,0.68,0.06,0,0.1,0.37,1,,,,,4/30/21
Nail Tech,Jack Harlow,1,2022,2,18,193443895,150,E,0,0.65,0.11,0.58,0,0,0.12,0.09,1,,,,,2/18/22
Chale,Eden Mu√î√∏Œ©√î,1,2022,2,18,299648208,189,G‚ôØ/A‚ô≠,1,0.55,0.86,0.44,0.4,0,0.07,0.04,1,,,,,2/18/22
DARARI,Treasure,1,2022,2,15,182978249,85,,1,0.72,0.55,0.64,0.49,0,0.07,0.04,1,,,,,2/15/22
Ya No Somos Ni Seremos,Christian Nodal,1,2022,2,18,319757142,140,G,1,0.59,0.73,0.45,0.44,0,0.34,0.03,1,,,,,2/18/22
Freaky Deaky,"Tyga, Doja Cat",2,2022,2,25,153240879,104,D,0,0.8,0.24,0.65,0.02,0,0.09,0.04,1,,,,,2/25/22
this is what falling in love feels like,JVKE,1,2021,9,3,346127840,129,B,1,0.42,0.33,0.44,0.62,0,0.08,0.06,1,,,,,9/3/21
La Zona,Bad Bunny,1,2020,2,29,312622938,94,C‚ôØ/D‚ô≠,0,0.76,0.81,0.8,0.2,0,0.25,0.04,1,,,,,2/29/20
Levitating,Dua Lipa,1,2020,3,27,797196073,103,F‚ôØ/G‚ô≠,0,0.69,0.9,0.88,0.05,0,0.29,0.08,1,,,,,3/27/20
"jealousy, jealousy",Olivia Rodrigo,1,2021,5,21,665765558,164,A‚ôØ/B‚ô≠,0,0.7,0.71,0.58,0.24,0,0.07,0.13,1,,,,,5/21/21
Mon√î√∏Œ©√î√∏Œ©y so,YEAT,1,2021,9,10,263779030,138,D,1,0.69,0.35,0.57,0.12,0,0.1,0.09,1,,,,,9/10/21
Demasiadas Mujeres,C. Tangana,1,2020,10,8,339473453,126,A,0,0.67,0.37,0.46,0.13,0,0.1,0.39,1,,,,,10/8/20
O.O,NMIXX,1,2022,2,22,135444283,200,B,0,0.39,0.28,0.77,0.04,0,0.06,0.29,1,,,,,2/22/22
First Class,Jack Harlow,1,2022,4,8,694525298,107,G‚ôØ/A‚ô≠,1,0.91,0.32,0.56,0.03,0,0.11,0.1,1,,,,,4/8/22
Plan A,Paulo Londra,1,2022,3,23,240661097,174,,1,0.58,0.56,0.83,0.05,0,0.07,0.04,1,,,,,3/23/22
Fuera del mercado,Danny Ocean,1,2022,2,17,421365166,92,G‚ôØ/A‚ô≠,1,0.45,0.27,0.67,0.32,0,0.13,0.14,1,,,,,2/17/22
X √î√∏Œ©√î√∏Œ©LTIMA,"Daddy Yankee, Bad Bunny",2,2022,3,25,349746291,90,G,1,0.81,0.59,0.83,0.09,0,0.11,0.05,1,,,,,3/25/22
When You're Gone,Shawn Mendes,1,2022,3,31,255120451,147,F,1,0.6,0.58,0.69,0.02,0,0.58,0.04,1,,,,,3/31/22
In My Head,Lil Tjay,1,2022,4,1,190981339,143,C‚ôØ/D‚ô≠,1,0.68,0.41,0.55,0.16,0,0.1,0.12,1,,,,,4/1/22
LOVE DIVE,IVE,1,2022,4,5,305771063,118,C‚ôØ/D‚ô≠,0,0.7,0.54,0.71,0,0,0.33,0.04,1,,,,,4/5/22
Pantysito,"Feid, Alejo, Robi",3,2022,3,18,273005485,98,G,0,0.83,0.63,0.74,0.14,0,0.16,0.06,1,,,,,3/18/22
Chance,Paulo Londra,1,2022,4,6,89566512,138,C‚ôØ/D‚ô≠,0,0.72,0.22,0.46,0.24,0,0.09,0.06,1,,,,,4/6/22
psychofreak (feat. WILLOW),"Camila Cabello, Willow",2,2022,4,7,75476209,180,G,0,0.63,0.45,0.64,0.34,0,0.09,0.08,1,,,,,4/7/22
Angel Baby,Troye Sivan,1,2021,9,9,408843328,145,B,1,0.56,0.41,0.57,0.01,0,0.13,0.03,1,,,,,9/9/21
Vampiro,"Matu√î√∏Œ©√î√∏Œ©, Wiu, ",3,2022,1,30,187772591,115,G‚ôØ/A‚ô≠,0,0.78,0.63,0.64,0.01,0,0.07,0.04,1,,,,,1/30/22
Si Quieren Frontear,"De La Ghetto, Duki, Quevedo",3,2022,3,31,178512385,82,A‚ôØ/B‚ô≠,1,0.79,0.48,0.84,0.13,0,0.21,0.23,1,,,,,3/31/22
Right On,Lil Baby,1,2022,4,8,101780047,166,D,1,0.7,0.22,0.61,0.02,0,0.1,0.34,1,,,,,4/8/22
Me Arrepent√î√∏,"Ak4:20, Cris Mj, Pailita",3,2022,3,30,118381354,92,,1,0.86,0.91,0.79,0.29,0,0.6,0.16,1,,,,,3/30/22
That's Hilarious,Charlie Puth,1,2022,4,8,146363130,108,F‚ôØ/G‚ô≠,1,0.71,0.55,0.44,0.74,0,0.11,0.06,1,,,,,4/8/22
Soy El Unico,Yahritza Y Su Esencia,1,2022,3,25,126443991,84,E,0,0.71,0.63,0.45,0.45,0,0.11,0.03,1,,,,,3/25/22
RUMBAT√î√∏Œ©,Daddy Yankee,1,2022,3,25,157990698,95,D‚ôØ/E‚ô≠,0,0.69,0.9,0.91,0.06,0,0.35,0.04,1,,,,,3/25/22
sentaDONA (Remix) s2,"Lu√î√∏Œ©√î√∏Œ©sa Sonza, MC Frog, Dj Gabriel do Borel, Davi K",4,2022,3,17,176290831,135,D‚ôØ/E‚ô≠,0,0.93,0.77,0.45,0.25,0,0.13,0.27,1,,,,,3/17/22
Fim de Semana no Rio,teto,1,2022,3,30,139193812,119,C‚ôØ/D‚ô≠,0,0.87,0.28,0.5,0.12,0,0.1,0.1,1,,,,,3/30/22
MANIAC,Stray Kids,1,2022,3,18,212234990,120,C‚ôØ/D‚ô≠,1,0.58,0.71,0.8,0.15,0,0.07,0.41,1,,,,,3/18/22
IDGAF (with blackbear),"Blackbear, BoyWithUke",2,2022,3,18,197643795,98,F,1,0.78,0.83,0.75,0.41,0,0.27,0.08,1,,,,,3/18/22
Ain't Shit,Doja Cat,1,2021,6,25,499710590,124,D‚ôØ/E‚ô≠,1,0.86,0.62,0.49,0.51,0,0.35,0.21,1,,,,,6/25/21
"Nobody Like U - From ""Turning Red""","Jordan Fisher, Josh Levi, Finneas O'Connell, 4*TOWN (From Disney and Pixar√î√∏Œ©√î√∏Œ©√î√∏Œ©s Turning Red), Topher Ngo, Grayson Vill",6,2022,2,25,120847157,105,A,0,0.91,0.73,0.72,0.13,0,0.09,0.15,1,,,,,2/25/22
Still Life,BIGBANG,1,2022,4,5,53909146,118,G‚ôØ/A‚ô≠,1,0.68,0.24,0.58,0.44,0,0.06,0.03,1,,,,,4/5/22
N95,Kendrick Lamar,1,2022,5,13,301242089,140,D‚ôØ/E‚ô≠,0,0.81,0.39,0.66,0.38,0,0.12,0.14,1,,,,,5/13/22
About Damn Time,Lizzo,1,2022,4,14,723894473,109,A‚ôØ/B‚ô≠,0,0.84,0.72,0.74,0.1,0,0.34,0.07,1,,,,,4/14/22
Die Hard,"Kendrick Lamar, Blxst, Amanda Reifer",3,2022,5,13,237351106,101,C‚ôØ/D‚ô≠,0,0.78,0.4,0.74,0.36,0,0.17,0.27,1,,,,,5/13/22
Despu√î√∏Œ©√î√∏Œ©s de la P,Bad Bunny,1,2022,5,6,461558540,78,F,1,0.56,0.61,0.9,0.36,0,0.18,0.31,1,,,,,5/6/22
Un Ratito,Bad Bunny,1,2022,5,6,417230415,93,,0,0.79,0.22,0.55,0.31,0,0.12,0.05,1,,,,,5/6/22
United In Grief,Kendrick Lamar,1,2022,5,13,156898322,87,G‚ôØ/A‚ô≠,1,0.52,0.32,0.83,0.24,0,0.17,0.43,1,,,,,5/13/22
Father Time (feat. Sampha),"Kendrick Lamar, Sampha",2,2022,5,13,127309180,153,A‚ôØ/B‚ô≠,0,0.55,0.5,0.78,0.19,0,0.11,0.35,1,,,,,5/13/22
Yo No Soy Celoso,Bad Bunny,1,2022,5,6,313113297,142,,1,0.87,0.93,0.59,0.28,0,0.17,0.05,1,,,,,5/6/22
Rich Spirit,Kendrick Lamar,1,2022,5,13,173702135,96,A‚ôØ/B‚ô≠,0,0.85,0.41,0.43,0.39,0,0.12,0.21,1,,,,,5/13/22
Cooped Up (with Roddy Ricch),"Post Malone, Roddy Ricch",2,2022,5,12,271666301,125,,1,0.5,0.39,0.78,0.04,0,0.11,0.33,1,,,,,5/12/22
Me Fui de Vacaciones,Bad Bunny,1,2022,5,6,305650299,85,A‚ôØ/B‚ô≠,1,0.71,0.43,0.65,0.23,0,0.09,0.05,1,,,,,5/6/22
Silent Hill,"Kendrick Lamar, Kodak Black",2,2022,5,13,123216717,140,C‚ôØ/D‚ô≠,0,0.92,0.78,0.57,0.46,0,0.14,0.09,1,,,,,5/13/22
La Corriente,"Tony Dize, Bad Bunny",2,2022,5,6,479655659,196,B,0,0.66,0.58,0.79,0.23,0,0.22,0.2,1,,,,,5/6/22
Count Me Out,Kendrick Lamar,1,2022,5,13,126191104,134,G,1,0.78,0.51,0.43,0.69,0,0.14,0.09,1,,,,,5/13/22
Andrea,"Buscabulla, Bad Bunny",2,2022,5,6,344055883,103,C‚ôØ/D‚ô≠,0,0.8,0.45,0.62,0.76,0,0.1,0.38,1,,,,,5/6/22
Dos Mil 16,Bad Bunny,1,2022,5,6,338422004,130,C‚ôØ/D‚ô≠,1,0.82,0.5,0.67,0.12,0,0.13,0.05,1,,,,,5/6/22
We Cry Together,"Kendrick Lamar, Taylour Paige",2,2022,5,13,68895644,108,B,1,0.65,0.52,0.69,0.31,0,0.08,0.36,1,,,,,5/13/22
Savior,"Kendrick Lamar, Sam Dew, Baby Keem",3,2022,5,13,86176890,123,G‚ôØ/A‚ô≠,1,0.61,0.66,0.71,0.53,0,0.32,0.46,1,,,,,5/13/22
Un Coco,Bad Bunny,1,2022,5,6,403231558,152,B,1,0.84,0.74,0.69,0.21,0,0.18,0.06,1,,,,,5/6/22
Otro Atardecer,"Bad Bunny, The Mar√î√∏Œ©√î",2,2022,5,6,319546754,108,D,1,0.78,0.55,0.6,0.59,0,0.07,0.04,1,,,,,5/6/22
Worldwide Steppers,Kendrick Lamar,1,2022,5,13,61739839,72,A‚ôØ/B‚ô≠,0,0.56,0.56,0.47,0.76,0,0.08,0.36,1,,,,,5/13/22
Aguacero,Bad Bunny,1,2022,5,6,283359161,121,F‚ôØ/G‚ô≠,0,0.86,0.67,0.65,0.42,0,0.35,0.07,1,,,,,5/6/22
Purple Hearts,"Kendrick Lamar, Ghostface Killah, Summer Walker",3,2022,5,13,76831876,138,D‚ôØ/E‚ô≠,0,0.57,0.71,0.82,0.19,0,0.15,0.29,1,,,,,5/13/22
Un Verano Sin Ti,Bad Bunny,1,2022,5,6,283332261,188,F,0,0.5,0.41,0.5,0.69,0,0.12,0.06,1,,,,,5/6/22
ULTRA SOLO,"Polima WestCoast, Pailita",2,2022,2,14,307752576,110,C‚ôØ/D‚ô≠,1,0.8,0.26,0.85,0.23,0,0.11,0.21,1,,,,,2/14/22
Ens√î√∏Œ©√î√∏Œ©√î√∏Œ©√î√∏Œ©ame ,Bad Bunny,1,2022,5,6,279737940,105,G‚ôØ/A‚ô≠,1,0.81,0.77,0.79,0.19,0,0.47,0.08,1,,,,,5/6/22
El Apag√î√∏Œ©,Bad Bunny,1,2022,5,6,212351890,118,G‚ôØ/A‚ô≠,1,0.63,0.6,0.7,0.05,0,0.09,0.31,1,,,,,5/6/22
Dua Lipa,Jack Harlow,1,2022,5,6,150500965,158,B,1,0.83,0.41,0.65,0,0.1,0.11,0.08,1,,,,,5/6/22
Agosto,Bad Bunny,1,2022,5,6,246127838,115,C‚ôØ/D‚ô≠,0,0.85,0.72,0.58,0.09,0,0.49,0.12,1,,,,,5/6/22
Mr. Morale,"Kendrick Lamar, Tanna Leone",2,2022,5,13,58687425,174,A,1,0.73,0.26,0.54,0.3,0,0.34,0.32,1,,,,,5/13/22
That That (prod. & feat. SUGA of BTS),"PSY, Suga",2,2022,4,29,212109195,130,E,1,0.91,0.91,0.96,0.03,0,0.03,0.09,1,,,,,4/29/22
In The Stars,Benson Boone,1,2022,4,29,382199619,78,A‚ôØ/B‚ô≠,1,0.36,0.3,0.54,0.34,0,0.14,0.05,1,,,,,4/29/22
Rich - Interlude,Kendrick Lamar,1,2022,5,13,41210087,104,G,1,0.44,0.74,0.42,0.88,0,0.09,0.09,1,,,,,5/13/22
SUPERMODEL,M√î√∏Œ©√î√∏Œ©ne,1,2022,5,13,231657891,121,G,1,0.64,0.8,0.88,0,0,0.12,0.06,1,,,,,5/13/22
Stefania (Kalush Orchestra),KALUSH,1,2022,3,10,53729194,105,D,1,0.83,0.32,0.82,0.14,0,0.12,0.04,1,,,,,3/10/22
Thousand Miles,The Kid Laroi,1,2022,4,22,244741137,81,G,1,0.38,0.2,0.66,0.09,0,0.09,0.08,1,,,,,4/22/22
Crown,Kendrick Lamar,1,2022,5,13,42485571,170,C‚ôØ/D‚ô≠,0,0.37,0.14,0.24,0.8,0,0.11,0.04,1,,,,,5/13/22
Auntie Diaries,Kendrick Lamar,1,2022,5,13,37778188,78,G,1,0.43,0.6,0.38,0.76,0.01,0.48,0.38,1,,,,,5/13/22
PUFFIN ON ZOOTIEZ,Future,1,2022,4,29,254218729,125,G‚ôØ/A‚ô≠,1,0.88,0.28,0.66,0.06,0,0.13,0.31,1,,,,,4/29/22
Mirror,Kendrick Lamar,1,2022,5,13,53603447,92,E,0,0.66,0.29,0.65,0.23,0,0.08,0.07,1,,,,,5/13/22
Beautiful Girl,Luciano,1,2022,4,22,160035717,140,B,0,0.84,0.61,0.42,0.31,0,0.09,0.09,1,,,,,4/22/22
"Paulo Londra: Bzrp Music Sessions, Vol. 23","Bizarrap, Paulo Londra",2,2022,4,25,164163229,96,,1,0.61,0.32,0.9,0.25,0,0.1,0.09,1,,,,,4/25/22
Savior - Interlude,Kendrick Lamar,1,2022,5,13,37091576,118,F,0,0.66,0.83,0.43,0.84,0,0.19,0.19,1,,,,,5/13/22
Pasoori,"Shae Gill, Ali Sethi",2,2022,2,6,284249832,92,B,0,0.71,0.67,0.6,0.07,0,0.06,0.04,1,,,,,2/6/22
Mother I Sober (feat. Beth Gibbons of Portishead),"Kendrick Lamar, Beth Gibbons",2,2022,5,13,33381454,140,G‚ôØ/A‚ô≠,0,0.49,0.5,0.37,0.87,0,0.11,0.35,1,,,,,5/13/22
TUS L√î√∏Œ©√î√∏Œ©GR,"Sech, Mora",2,2022,4,1,184622518,174,C‚ôØ/D‚ô≠,1,0.68,0.45,0.71,0.18,0,0.11,0.25,1,,,,,4/1/22
Where Did You Go?,"MNEK, Jax Jones",2,2022,1,26,300983101,127,A‚ôØ/B‚ô≠,1,0.77,0.53,0.78,0.19,0,0.29,0.04,1,,,,,1/26/22
I Tried to Tell Y'all,"Ugly Dray, Tesla Jnr",2,2022,5,6,121077868,96,B,1,0.71,0.37,0.52,0.62,0,0.11,0.36,1,,,,,5/6/22
Honest (feat. Don Toliver),"Justin Bieber, Don Toliver",2,2022,4,29,106919680,150,G‚ôØ/A‚ô≠,0,0.82,0.82,0.66,0.13,0,0.11,0.06,1,,,,,4/29/22
ZOOM,Jessi,1,2022,4,13,136996305,100,F‚ôØ/G‚ô≠,1,0.87,0.46,0.6,0.01,0,0.13,0.16,1,,,,,4/13/22
SloMo,Chanel,1,2021,12,24,65719930,105,C‚ôØ/D‚ô≠,0,0.73,0.59,0.81,0.13,0,0.09,0.06,1,,,,,12/24/21
FEARLESS,LE SSERAFIM,1,2022,5,2,229497852,104,G,1,0.86,0.43,0.62,0.05,0,0.13,0.14,1,,,,,5/2/22
10 Things I Hate About You,Leah Kate,1,2022,3,23,185550869,154,G‚ôØ/A‚ô≠,1,0.54,0.45,0.79,0.01,0,0.17,0.05,1,,,,,3/23/22
SPACE MAN,Sam Ryder,1,2022,2,22,54682594,80,B,1,0.47,0.33,0.83,0.18,0,0.1,0.05,1,,,,,2/22/22
With you,"HA SUNG WOON, Jimin",2,2022,4,24,240580042,150,D‚ôØ/E‚ô≠,1,0.53,0.14,0.43,0.64,0,0.13,0.03,1,,,,,4/24/22
The Heart Part 5,Kendrick Lamar,1,2022,5,8,71423324,98,G‚ôØ/A‚ô≠,0,0.76,0.79,0.81,0.18,0,0.06,0.34,1,,,,,5/8/22
This Love (Taylor√î√∏Œ©√î√∏Œ©√î√∏Œ©s Ve,Taylor Swift,1,2022,5,6,132171975,144,E,1,0.47,0.07,0.5,0.32,0,0.07,0.04,1,,,,,5/6/22
Flowers,Lauren Spencer Smith,1,2021,8,9,184826429,138,D‚ôØ/E‚ô≠,1,0.7,0.31,0.44,0.84,0,0.09,0.39,1,,,,,8/9/21
Yet To Come,BTS,1,2022,6,10,302006641,172,C‚ôØ/D‚ô≠,1,0.56,0.68,0.89,0.04,0,0.33,0.19,1,,,,,6/10/22
Run BTS,BTS,1,2022,6,10,330881149,77,G‚ôØ/A‚ô≠,1,0.72,0.7,0.82,0.02,0,0.04,0.17,1,,,,,6/10/22
Music For a Sushi Restaurant,Harry Styles,1,2022,5,20,334733572,107,B,1,0.72,0.36,0.72,0.26,0.06,0.11,0.04,1,,,,,5/20/22
Matilda,Harry Styles,1,2022,5,20,366214458,114,D,1,0.51,0.39,0.29,0.9,0,0.1,0.04,1,,,,,5/20/22
For Youth,BTS,1,2022,6,10,114546317,117,D,1,0.63,0.29,0.51,0.43,0,0.25,0.04,1,,,,,6/10/22
Daylight,Harry Styles,1,2022,5,20,290833204,146,,1,0.69,0.63,0.45,0.48,0,0.18,0.04,1,,,,,5/20/22
Vegas (From the Original Motion Picture Soundtrack ELVIS),Doja Cat,1,2022,5,6,448500832,160,G‚ôØ/A‚ô≠,0,0.8,0.74,0.6,0.08,0,0.14,0.26,1,,,,,5/6/22
Cash In Cash Out,"Pharrell Williams, Tyler, The Creator, 21 Savage",4,2022,6,10,136676504,120,G,1,0.88,0.15,0.56,0.01,0,0.08,0.06,1,,,,,6/10/22
Potion (with Dua Lipa & Young Thug),"Calvin Harris, Dua Lipa, Young Thug",3,2022,5,27,190625045,100,B,0,0.82,0.76,0.7,0.16,0,0.08,0.05,1,,,,,5/27/22
Born Singer,BTS,1,2022,6,10,79095270,158,G‚ôØ/A‚ô≠,0,0.6,0.68,0.84,0.04,0,0.24,0.11,1,,,,,6/10/22
Little Freak,Harry Styles,1,2022,5,20,273194684,142,D‚ôØ/E‚ô≠,1,0.56,0.4,0.54,0.72,0,0.1,0.04,1,,,,,5/20/22
La Llevo Al Cielo (Ft. √î√∏Œ©√î√∏Œ©engo F,"Nengo Flow, Anuel Aa, Chris Jedi, Chencho Corleone",4,2022,5,20,333146475,170,A,0,0.8,0.77,0.85,0.11,0,0.17,0.14,1,,,,,5/20/22
True Love,"Kanye West, XXXTENTACION",2,2022,5,27,194902696,84,F,0,0.71,0.39,0.86,0.02,0,0.51,0.25,1,,,,,5/27/22
Satellite,Harry Styles,1,2022,5,20,311482393,139,,1,0.58,0.3,0.46,0.14,0,0.09,0.03,1,,,,,5/20/22
"Villano Antillano: Bzrp Music Sessions, Vol. 51","Bizarrap, Villano Antillano",2,2022,6,8,248511839,128,C‚ôØ/D‚ô≠,0,0.82,0.42,0.75,0.06,0,0.63,0.06,1,,,,,6/8/22
Love Of My Life,Harry Styles,1,2022,5,20,233671263,118,G,1,0.56,0.2,0.54,0.67,0,0.06,0.05,1,,,,,5/20/22
Grapejuice,Harry Styles,1,2022,5,20,199587884,183,F,1,0.65,0.88,0.72,0.36,0.14,0.2,0.03,1,,,,,5/20/22
So Good,Halsey,1,2022,6,9,91781263,83,D‚ôØ/E‚ô≠,0,0.63,0.29,0.62,0.04,0,0.18,0.04,1,,,,,6/9/22
Belly Dancer,"BYOR, Imanbek",2,2022,2,18,383835984,122,C‚ôØ/D‚ô≠,1,0.85,0.42,0.8,0.06,0,0.17,0.14,1,,,,,2/18/22
Keep Driving,Harry Styles,1,2022,5,20,236060709,165,A,1,0.72,0.9,0.48,0.32,0,0.18,0.23,1,,,,,5/20/22
Cinema,Harry Styles,1,2022,5,20,189236868,106,A,0,0.83,0.9,0.64,0.35,0.05,0.09,0.04,1,,,,,5/20/22
Die Young (feat. 347aidan),"Sleepy hallow, 347aidan",2,2022,5,25,160845341,77,B,1,0.81,0.68,0.58,0.83,0,0.11,0.34,1,,,,,5/25/22
Hold My Hand,Lady Gaga,1,2022,5,3,238350348,148,G,1,0.51,0.21,0.63,0.05,0,0.41,0.03,1,,,,,5/3/22
Daydreaming,Harry Styles,1,2022,5,20,187703102,114,E,0,0.71,0.9,0.81,0.31,0.02,0.13,0.03,1,,,,,5/20/22
Numb,"Marshmello, Khalid",2,2022,6,10,295307001,120,,0,0.91,0.63,0.77,0.12,0.01,0.1,0.05,1,,,,,6/10/22
Nos Comemos (feat. Ozuna),"Ozuna, Tiago pzk",2,2022,6,2,138334433,92,F‚ôØ/G‚ô≠,1,0.83,0.56,0.82,0.1,0,0.09,0.05,1,,,,,6/2/22
Crazy What Love Can Do,"David Guetta, Ella Henderson, Becky Hill",3,2022,3,18,286739476,123,E,0,0.6,0.46,0.71,0.03,0,0.16,0.04,1,,,,,3/18/22
Antes de Perderte,Duki,1,2022,6,2,157136970,110,F,0,0.81,0.61,0.93,0.49,0,0.12,0.11,1,,,,,6/2/22
Boyfriends,Harry Styles,1,2022,5,20,137070925,118,,1,0.42,0.32,0.2,0.94,0,0.11,0.04,1,,,,,5/20/22
295,Sidhu Moose Wala,1,2021,5,15,183273246,90,B,0,0.68,0.54,0.76,0.21,0,0.11,0.2,1,,,,,5/15/21
Tak Ingin Usai,Keisya Levronka,1,2022,5,13,184807630,130,,1,0.49,0.14,0.4,0.82,0,0.11,0.03,1,,,,,5/13/22
En El Radio Un Cochinero,Victor Cibrian,1,2022,5,13,164856284,154,F‚ôØ/G‚ô≠,0,0.7,0.97,0.62,0.47,0,0.1,0.04,1,,,,,5/13/22
BREAK MY SOUL,Beyonc√î√∏,1,2022,6,21,354614964,115,C‚ôØ/D‚ô≠,0,0.7,0.87,0.88,0.04,0,0.26,0.08,1,,,,,6/21/22
ULTRA SOLO REMIX,"De La Ghetto, Feid, Polima WestCoast, Paloma Mami, Pailita",5,2022,6,16,279717388,110,C‚ôØ/D‚ô≠,1,0.91,0.59,0.82,0.08,0,0.06,0.08,1,,,,,6/16/22
Massive,Drake,1,2022,6,17,195628667,125,E,0,0.51,0.05,0.68,0.12,0.02,0.15,0.06,1,,,,,6/17/22
Betty (Get Money),Yung Gravy,1,2022,6,10,221752937,102,C‚ôØ/D‚ô≠,1,0.73,0.62,0.75,0,0,0.34,0.08,1,,,,,6/10/22
Ojos Marrones,Lasso,1,2022,2,6,263280370,120,G‚ôØ/A‚ô≠,0,0.81,0.72,0.65,0.04,0,0.14,0.04,1,,,,,2/6/22
POP!,Nayeon,1,2022,6,24,213505179,97,D,1,0.8,0.36,0.86,0.04,0,0.03,0.05,1,,,,,6/24/22
Layla,"Sch√î√∏Œ©√î√∏Œ©rze, DJ R",2,2022,3,24,130419412,140,F,0,0.44,0.41,0.92,0,0,0.44,0.07,1,,,,,3/24/22
MORE,j-hope,1,2022,7,1,155795783,97,D,1,0.78,0.31,0.72,0.01,0,0.11,0.04,1,,,,,7/1/22
Last Last,Burna Boy,1,2022,5,12,293466523,88,D‚ôØ/E‚ô≠,0,0.8,0.55,0.56,0.13,0,0.08,0.09,1,,,,,5/12/22
SNAP,Rosa Linn,1,2022,3,19,711366595,170,,1,0.56,0.52,0.64,0.11,0,0.45,0.07,1,,,,,3/19/22
Sticky,Drake,1,2022,6,17,191448892,137,A‚ôØ/B‚ô≠,0,0.88,0.08,0.49,0.09,0,0.09,0.14,1,,,,,6/17/22
Hot Shit (feat. Ye & Lil Durk),"Kanye West, Lil Durk, Cardi B",3,2022,7,1,85924992,157,A,1,0.88,0.52,0.69,0,0,0.08,0.23,1,,,,,7/1/22
Ai Preto,"L7nnon, DJ Biel do Furduncinho, Bianca",3,2022,6,3,176103902,130,F‚ôØ/G‚ô≠,1,0.95,0.83,0.57,0.54,0,0.1,0.25,1,,,,,6/3/22
La Loto,"Anitta, Tini, Becky G",3,2022,7,6,121189256,90,C‚ôØ/D‚ô≠,1,0.85,0.8,0.83,0.1,0,0.08,0.11,1,,,,,7/6/22
die first,Nessa Barrett,1,2022,6,24,131746175,183,G‚ôØ/A‚ô≠,0,0.44,0.44,0.67,0.07,0,0.12,0.13,1,,,,,6/24/22
Afraid To Feel,LF System,1,2022,5,2,244790012,128,C‚ôØ/D‚ô≠,1,0.58,0.68,0.91,0.02,0,0.27,0.11,1,,,,,5/2/22
Baile no Morro,"Mc Vitin Da Igrejinha, MC Tairon, DJ Win",3,2022,6,10,129314708,130,D‚ôØ/E‚ô≠,0,0.71,0.78,0.4,0.46,0,0.07,0.45,1,,,,,6/10/22
c√î√∏Œ©√î√∏Œ©mo dormi,Rels B,1,2022,8,4,331511413,126,C‚ôØ/D‚ô≠,1,0.63,0.56,0.43,0.24,0,0.12,0.23,1,,,,,8/4/22
Bad Decisions (with BTS & Snoop Dogg),"Snoop Dogg, BTS, Benny Blanco",3,2022,8,5,219196651,120,,1,0.77,0.94,0.87,0.02,0,0.23,0.12,1,,,,,8/5/22
STAYING ALIVE (feat. Drake & Lil Baby),"Drake, DJ Khaled, Lil Baby",3,2022,8,5,170732845,130,E,0,0.72,0.18,0.46,0.07,0,0.28,0.08,1,,,,,8/5/22
Caile,Luar La L,1,2020,12,18,273914335,122,,1,0.7,0.46,0.76,0.3,0,0.09,0.45,1,,,,,12/18/20
Si Te La Encuentras Por Ah√î√∏,Feid,1,2022,8,5,179061440,172,G‚ôØ/A‚ô≠,0,0.74,0.46,0.58,0.15,0,0.13,0.08,1,,,,,8/5/22
GIVENCHY,Duki,1,2022,7,20,185236961,103,G‚ôØ/A‚ô≠,1,0.61,0.38,0.62,0.14,0,0.23,0.4,1,,,,,7/20/22
ALIEN SUPERSTAR,Beyonc√î√∏,1,2022,7,29,171788484,122,A‚ôØ/B‚ô≠,0,0.55,0.46,0.64,0,0,0.17,0.1,1,,,,,7/29/22
Attention,NewJeans,1,2022,8,1,264717480,105,A‚ôØ/B‚ô≠,0,0.81,0.7,0.65,0.24,0,0.08,0.04,1,,,,,8/1/22
THE SHADE,Rex Orange County,1,2022,3,11,244928911,120,F,1,0.9,0.73,0.51,0.39,0,0.09,0.06,1,,,,,3/11/22
"Come Back Home - From ""Purple Hearts""",Sofia Carson,1,2022,7,12,97610446,145,G,1,0.56,0.43,0.53,0.24,0,0.12,0.04,1,,,,,7/12/22
El Rescate,"Grupo Marca Registrada, Junior H",2,2022,7,22,287278853,99,G,0,0.79,0.64,0.59,0.28,0,0.11,0.14,1,,,,,7/22/22
"Stay With Me (with Justin Timberlake, Halsey, & Pharrell)","Calvin Harris, Halsey, Pharrell Williams, Justin Timberlake",4,2022,7,15,123473120,126,A,1,0.81,0.9,0.73,0.28,0,0.29,0.04,1,,,,,7/15/22
Siempre Pendientes,"Peso Pluma, Luis R Conriquez",2,2022,8,15,295152154,136,,1,0.77,0.71,0.75,0.33,0.01,0.13,0.04,1,,,,,8/15/22
JGL,"Luis R Conriquez, La Adictiva",2,2022,2,18,323455692,113,G‚ôØ/A‚ô≠,1,0.7,0.97,0.59,0.55,0,0.27,0.12,1,,,,,2/18/22
Don't You Worry,"David Guetta, Shakira, Black Eyed Peas",3,2022,6,16,240918092,132,B,1,0.82,0.49,0.88,0.2,0,0.21,0.03,1,,,,,6/16/22
Pipoco,"Melody, Ana Castela, Dj Chris No Beat",3,2022,5,20,191873381,135,G‚ôØ/A‚ô≠,1,0.77,0.74,0.74,0.47,0,0.34,0.08,1,,,,,5/20/22
Forget Me,Lewis Capaldi,1,2022,9,9,239411309,102,C‚ôØ/D‚ô≠,0,0.67,0.72,0.74,0.3,0,0.36,0.04,1,,,,,9/9/22
After LIKE,IVE,1,2022,8,22,265548837,125,,1,0.68,0.8,0.92,0.1,0,0.09,0.12,1,,,,,8/22/22
B.O.T.A. (Baddest Of Them All) - Edit,"Interplanetary Criminal, Eliza Rose",2,2022,6,15,244585109,137,,1,0.74,0.71,0.89,0.24,0.61,0.15,0.05,1,,,,,6/15/22
Talk that Talk,TWICE,1,2022,8,26,189476119,120,D‚ôØ/E‚ô≠,0,0.77,0.78,0.91,0.14,0,0.33,0.12,1,,,,,8/26/22
BILLIE EILISH.,Armani White,1,2022,1,20,277132266,100,C‚ôØ/D‚ô≠,1,0.9,0.75,0.5,0.11,0,0.09,0.26,1,,,,,1/20/22
Ferxxo 100,Feid,1,2022,6,3,278920007,164,G‚ôØ/A‚ô≠,0,0.7,0.58,0.57,0.25,0,0.15,0.07,1,,,,,6/3/22
KU LO SA - A COLORS SHOW,Oxlade,1,2022,6,10,222410722,93,A‚ôØ/B‚ô≠,0,0.65,0.79,0.66,0.31,0,0.22,0.07,1,,,,,6/10/22
Prohibidox,Feid,1,2022,9,13,185392587,180,C‚ôØ/D‚ô≠,0,0.65,0.52,0.8,0.05,0,0.06,0.25,1,,,,,9/13/22
Static,Steve Lacy,1,2022,7,15,202452860,79,C‚ôØ/D‚ô≠,1,0.34,0.22,0.31,0.43,0.63,0.1,0.07,1,,,,,7/15/22
Talk,YEAT,1,2022,9,2,148461629,140,E,0,0.7,0.26,0.76,0.08,0,0.54,0.23,1,,,,,9/2/22
XQ Te Pones As√î√∏,"Yandel, Feid",2,2022,9,13,47093942,92,A‚ôØ/B‚ô≠,1,0.81,0.48,0.7,0.13,0,0.15,0.07,1,,,,,9/13/22
Sin Se√î√∏Œ©√î,"Ovy On The Drums, Quevedo",2,2022,7,22,209106362,118,B,0,0.82,0.75,0.85,0.33,0.01,0.11,0.04,1,,,,,7/22/22
Lady Mi Amor,Feid,1,2022,9,13,53987404,93,D,1,0.78,0.75,0.62,0.06,0,0.15,0.06,1,,,,,9/13/22
Poland,Lil Yachty,1,2022,6,23,115331792,150,F,0,0.7,0.26,0.56,0.14,0.83,0.11,0.05,1,,,,,6/23/22
THE LONELIEST,M√î√∏Œ©√î√∏Œ©ne,1,2022,10,7,225093344,130,D,1,0.52,0.24,0.6,0,0,0.08,0.03,1,,,,,10/7/22
Bye Bye,"Marshmello, Juice WRLD",2,2022,10,14,84697729,83,D‚ôØ/E‚ô≠,0,0.65,0.24,0.53,0.06,0,0.51,0.04,1,,,,,10/14/22
BABY OTAKU,"Fran C, Polima WestCoast, Nickoog Clk, Pablito Pesadilla",4,2022,8,18,159240673,102,A,1,0.84,0.43,0.75,0.05,0,0.06,0.08,1,,,,,8/18/22
Nxde,(G)I-DLE,1,2022,10,17,170709584,136,E,0,0.73,0.65,0.91,0.04,0,0.48,0.18,1,,,,,10/17/22
2 Be Loved (Am I Ready),Lizzo,1,2022,7,14,247689123,156,G,1,0.72,0.92,0.77,0.09,0,0.08,0.11,1,,,,,7/14/22
Celestial,Ed Sheeran,1,2022,9,29,176474912,123,D,1,0.57,0.5,0.85,0.05,0,0.16,0.04,1,,,,,9/29/22
Typa Girl,BLACKPINK,1,2022,9,16,235549288,132,G,1,0.92,0.53,0.62,0.07,0,0.63,0.1,1,,,,,9/16/22
I Really Want to Stay at Your House,"Rosa Walton, Hallie Coggins",2,2020,12,18,140430339,125,D‚ôØ/E‚ô≠,0,0.49,0.13,0.74,0,0,0.09,0.04,1,,,,,12/18/20
California Breeze,Lil Baby,1,2022,10,14,85559365,162,F,0,0.74,0.22,0.67,0,0,0.11,0.46,1,,,,,10/14/22
Bamba (feat. Aitch & BIA),"Luciano, Aitch, B√î√∏Œ©",3,2022,9,22,146223492,138,A‚ôØ/B‚ô≠,1,0.8,0.82,0.81,0.14,0,0.13,0.36,1,,,,,9/22/22
Casei Com a Putaria,"MC Ryan SP, Love Funk, Mc Paiva ZS",3,2022,7,1,187701588,161,A‚ôØ/B‚ô≠,0,0.59,0.62,0.6,0.12,0,0.05,0.44,1,,,,,7/1/22
Major Distribution,"Drake, 21 Savage",2,2022,11,4,154863153,131,G‚ôØ/A‚ô≠,0,0.91,0.23,0.55,0.01,0,0.07,0.32,1,,,,,11/4/22
Pussy & Millions (feat. Travis Scott),"Drake, Travis Scott, 21 Savage",3,2022,11,4,191333656,122,E,0,0.75,0.45,0.63,0.06,0,0.35,0.12,1,,,,,11/4/22
Vigilante Shit,Taylor Swift,1,2022,10,21,253650850,80,E,0,0.8,0.16,0.28,0.17,0,0.12,0.39,1,,,,,10/21/22
Question...?,Taylor Swift,1,2022,10,21,223064273,109,G,1,0.75,0.11,0.5,0.2,0,0.3,0.17,1,,,,,10/21/22
On BS,"Drake, 21 Savage",2,2022,11,4,170413877,158,A,1,0.84,0.33,0.36,0.02,0,0.39,0.59,1,,,,,11/4/22
Mastermind,Taylor Swift,1,2022,10,21,218320587,126,E,1,0.66,0.12,0.35,0.55,0,0.09,0.14,1,,,,,10/21/22
Circo Loco,"Drake, 21 Savage",2,2022,11,4,141720999,104,C‚ôØ/D‚ô≠,1,0.73,0.25,0.61,0.01,0,0.32,0.07,1,,,,,11/4/22
Labyrinth,Taylor Swift,1,2022,10,21,187339835,110,,1,0.48,0.15,0.31,0.8,0.22,0.12,0.04,1,,,,,10/21/22
Spin Bout U,"Drake, 21 Savage",2,2022,11,4,198365537,130,G,1,0.77,0.2,0.7,0.01,0,0.16,0.05,1,,,,,11/4/22
Sweet Nothing,Taylor Swift,1,2022,10,21,186104310,177,,1,0.34,0.39,0.16,0.97,0,0.12,0.05,1,,,,,10/21/22
"Would've, Could've, Should've",Taylor Swift,1,2022,10,21,177503916,158,G,1,0.48,0.55,0.84,0.43,0,0.15,0.12,1,,,,,10/21/22
Con La Brisa,"Ludwig Goransson, Foudeqush",2,2022,11,4,71095708,114,D,0,0.62,0.25,0.44,0.51,0.33,0.14,0.03,1,,,,,11/4/22
Privileged Rappers,"Drake, 21 Savage",2,2022,11,4,112436403,144,F,1,0.93,0.62,0.61,0,0,0.12,0.2,1,,,,,11/4/22
The Astronaut,Jin,1,2022,10,28,203436468,125,F,1,0.54,0.22,0.76,0,0,0.14,0.03,1,,,,,10/28/22
BackOutsideBoyz,Drake,1,2022,11,4,93367537,142,F,0,0.85,0.4,0.43,0.04,0,0.39,0.32,1,,,,,11/4/22
Broke Boys,"Drake, 21 Savage",2,2022,11,4,106249219,120,D,1,0.64,0.11,0.53,0.01,0,0.25,0.27,1,,,,,11/4/22
The Great War,Taylor Swift,1,2022,10,21,181382590,96,F,1,0.57,0.55,0.74,0.22,0,0.08,0.04,1,,,,,10/21/22
My Mind & Me,Selena Gomez,1,2022,11,3,91473363,144,A,1,0.6,0.24,0.39,0.57,0,0.08,0.03,1,,,,,11/3/22
Bigger Than The Whole Sky,Taylor Swift,1,2022,10,21,121871870,166,F‚ôØ/G‚ô≠,1,0.42,0.07,0.24,0.83,0.01,0.12,0.06,1,,,,,10/21/22
A Veces (feat. Feid),"Feid, Paulo Londra",2,2022,11,3,73513683,92,C‚ôØ/D‚ô≠,1,0.8,0.81,0.67,0.04,0,0.08,0.06,1,,,,,11/3/22
En La De Ella,"Feid, Sech, Jhayco",3,2022,10,20,133895612,97,C‚ôØ/D‚ô≠,1,0.82,0.67,0.77,0.08,0,0.12,0.05,1,,,,,10/20/22
Alone,Burna Boy,1,2022,11,4,96007391,90,E,0,0.61,0.32,0.67,0.15,0,0.11,0.05,1,,,,,11/4/22